order_item_id,order_id,product_id,quantity,unit_price,discount_pct,cost_price_at_sale
1,1,24,3,3013.98,2.28,1731.5
2,1,14,2,3101.56,2.21,1653.99
3,2,6,2,4524.34,2.33,2423.6
4,2,23,3,3998.97,10.5,2126.28
5,3,18,3,5069.09,20.51,2768.25
6,3,19,2,1579.21,7.86,1042.58
7,3,7,1,3336.23,12.76,1975.36
8,4,31,2,2700.0,39.08,2500.0
9,5,27,2,2259.37,15.23,1531.14
10,5,6,2,4524.34,22.25,2423.6
11,5,24,2,3013.98,15.98,1731.5
12,6,5,3,3775.0,10.65,1745.57
13,6,14,2,3101.56,5.97,1653.99
14,6,9,3,3032.25,17.36,1837.78
15,6,4,1,2911.73,1.88,1620.58
16,7,28,1,5083.77,2.65,2896.91
17,7,18,1,5069.09,10.75,2768.25
18,8,15,2,2079.21,36.14,1257.62
19,8,1,1,457.62,33.11,341.45
20,8,31,1,2700.0,33.83,2500.0
21,9,31,1,2700.0,6.15,2500.0
22,9,7,1,3336.23,11.1,1975.36
23,9,25,1,1405.94,0.21,683.23
24,9,11,2,3625.98,12.17,1795.44
25,10,31,1,2700.0,27.38,2500.0
26,11,16,2,2352.78,0.74,1141.59
27,11,19,3,1579.21,2.54,1042.58
28,12,26,2,491.47,2.35,302.79
29,12,16,2,2352.78,10.34,1141.59
30,12,5,3,3775.0,2.96,1745.57
31,13,12,2,1088.03,41.23,682.84
32,13,2,3,344.87,26.15,214.37
33,14,28,3,5083.77,10.25,2896.91
34,15,31,1,2700.0,41.56,2500.0
35,16,5,2,3775.0,12.19,1745.57
36,16,4,1,2911.73,2.77,1620.58
37,16,31,3,2700.0,0.93,2500.0
38,16,12,1,1088.03,2.12,682.84
39,17,17,1,1223.23,10.38,641.7
40,17,18,3,5069.09,2.31,2768.25
41,18,31,3,2700.0,1.49,2500.0
42,18,4,2,2911.73,1.1,1620.58
43,18,7,3,3336.23,0.69,1975.36
44,19,31,2,2700.0,12.76,2500.0
45,20,15,2,2079.21,6.25,1257.62
46,20,18,1,5069.09,10.36,2768.25
47,20,4,1,2911.73,7.41,1620.58
48,20,26,1,491.47,17.6,302.79
49,21,24,1,3013.98,6.69,1731.5
50,21,16,2,2352.78,11.78,1141.59
51,21,13,3,903.79,22.28,474.77
52,22,23,3,3998.97,39.27,2126.28
53,23,20,1,1292.37,6.59,671.68
54,24,31,1,2700.0,40.25,2500.0
55,25,6,3,4524.34,1.52,2423.6
56,25,26,1,491.47,1.3,302.79
57,26,26,3,491.47,10.95,302.79
58,26,5,1,3775.0,2.34,1745.57
59,27,21,2,2309.06,1.61,1257.12
60,28,8,1,4716.54,2.42,2251.56
61,28,3,1,3011.45,10.44,2079.85
62,29,31,2,2700.0,7.46,2500.0
63,29,29,3,2293.25,20.75,1316.03
64,30,31,1,2700.0,0.59,2500.0
65,31,31,3,2700.0,7.75,2500.0
66,31,13,3,903.79,17.43,474.77
67,32,31,3,2700.0,12.47,2500.0
68,33,23,1,3998.97,0.82,2126.28
69,33,10,1,1456.11,6.94,736.49
70,33,31,1,2700.0,0.84,2500.0
71,34,23,2,3998.97,22.34,2126.28
72,35,31,3,2700.0,5.09,2500.0
73,36,15,1,2079.21,0.74,1257.62
74,36,4,1,2911.73,11.06,1620.58
75,36,12,1,1088.03,6.78,682.84
76,37,10,3,1456.11,7.51,736.49
77,37,12,2,1088.03,0.27,682.84
78,37,15,1,2079.21,21.43,1257.62
79,38,31,2,2700.0,0.07,2500.0
80,38,10,1,1456.11,22.58,736.49
81,38,24,3,3013.98,11.76,1731.5
82,38,21,1,2309.06,2.2,1257.12
83,39,23,1,3998.97,1.14,2126.28
84,40,31,3,2700.0,12.55,2500.0
85,40,3,1,3011.45,12.76,2079.85
86,40,15,3,2079.21,2.81,1257.62
87,41,31,1,2700.0,11.34,2500.0
88,41,16,3,2352.78,1.05,1141.59
89,42,11,2,3625.98,17.65,1795.44
90,42,25,1,1405.94,17.37,683.23
91,43,3,2,3011.45,0.96,2079.85
92,44,31,1,2700.0,22.83,2500.0
93,44,22,3,1824.54,17.11,1243.57
94,45,31,2,2700.0,28.49,2500.0
95,46,17,3,1223.23,5.89,641.7
96,46,31,2,2700.0,22.52,2500.0
97,46,28,1,5083.77,7.47,2896.91
98,47,19,1,1579.21,17.53,1042.58
99,48,25,1,1405.94,12.66,683.23
100,48,29,1,2293.25,6.32,1316.03
101,48,18,3,5069.09,0.45,2768.25
102,48,7,1,3336.23,12.42,1975.36
103,49,27,3,2259.37,16.72,1531.14
104,49,20,1,1292.37,12.71,671.68
105,50,10,1,1456.11,15.52,736.49
106,50,14,1,3101.56,0.13,1653.99
107,50,31,3,2700.0,10.61,2500.0
108,51,5,1,3775.0,31.6,1745.57
109,51,21,2,2309.06,33.83,1257.12
110,52,31,3,2700.0,2.77,2500.0
111,53,17,2,1223.23,16.72,641.7
112,53,12,2,1088.03,10.43,682.84
113,54,4,3,2911.73,17.76,1620.58
114,54,2,2,344.87,5.93,214.37
115,55,29,2,2293.25,7.19,1316.03
116,55,6,1,4524.34,15.63,2423.6
117,56,11,1,3625.98,7.13,1795.44
118,57,31,1,2700.0,39.23,2500.0
119,58,18,2,5069.09,16.52,2768.25
120,58,8,3,4716.54,0.73,2251.56
121,59,23,1,3998.97,7.25,2126.28
122,59,19,1,1579.21,10.15,1042.58
123,59,14,1,3101.56,7.03,1653.99
124,60,31,1,2700.0,1.8,2500.0
125,60,20,3,1292.37,6.27,671.68
126,60,23,2,3998.97,5.65,2126.28
127,61,24,3,3013.98,5.9,1731.5
128,62,18,2,5069.09,5.57,2768.25
129,62,16,1,2352.78,11.98,1141.59
130,63,17,2,1223.23,31.88,641.7
131,63,13,2,903.79,37.35,474.77
132,64,11,3,3625.98,20.54,1795.44
133,64,31,1,2700.0,7.18,2500.0
134,64,12,3,1088.03,11.96,682.84
135,65,22,2,1824.54,6.76,1243.57
136,65,8,2,4716.54,2.6,2251.56
137,66,31,3,2700.0,11.59,2500.0
138,66,10,1,1456.11,6.03,736.49
139,66,30,1,2120.42,12.59,1542.79
140,67,21,3,2309.06,0.01,1257.12
141,67,11,3,3625.98,1.47,1795.44
142,67,6,1,4524.34,11.9,2423.6
143,67,31,2,2700.0,0.11,2500.0
144,68,1,3,457.62,5.68,341.45
145,68,20,1,1292.37,1.15,671.68
146,68,11,1,3625.98,0.89,1795.44
147,69,9,2,3032.25,16.08,1837.78
148,69,26,1,491.47,5.67,302.79
149,69,14,3,3101.56,1.77,1653.99
150,70,25,3,1405.94,7.31,683.23
151,70,4,3,2911.73,1.96,1620.58
152,70,31,3,2700.0,1.25,2500.0
153,70,17,2,1223.23,0.62,641.7
154,71,31,3,2700.0,6.87,2500.0
155,71,27,1,2259.37,22.16,1531.14
156,73,31,3,2700.0,17.73,2500.0
157,74,31,1,2700.0,15.45,2500.0
158,74,7,2,3336.23,6.37,1975.36
159,74,17,2,1223.23,0.3,641.7
160,75,8,1,4716.54,0.03,2251.56
161,75,31,3,2700.0,0.99,2500.0
162,75,18,3,5069.09,1.12,2768.25
163,76,31,2,2700.0,0.34,2500.0
164,76,4,1,2911.73,1.25,1620.58
165,77,25,2,1405.94,2.59,683.23
166,77,9,2,3032.25,15.34,1837.78
167,78,1,3,457.62,22.3,341.45
168,78,15,3,2079.21,11.56,1257.62
169,79,23,3,3998.97,10.45,2126.28
170,79,4,1,2911.73,1.52,1620.58
171,79,5,2,3775.0,10.72,1745.57
172,80,26,1,491.47,1.38,302.79
173,80,29,1,2293.25,16.34,1316.03
174,80,31,2,2700.0,0.31,2500.0
175,81,20,3,1292.37,20.62,671.68
176,82,30,2,2120.42,22.3,1542.79
177,83,7,3,3336.23,5.01,1975.36
178,83,19,3,1579.21,21.12,1042.58
179,83,31,1,2700.0,15.42,2500.0
180,83,27,1,2259.37,6.83,1531.14
181,84,27,1,2259.37,2.32,1531.14
182,84,31,2,2700.0,1.59,2500.0
183,85,9,1,3032.25,11.97,1837.78
184,85,21,3,2309.06,11.26,1257.12
185,85,16,2,2352.78,12.89,1141.59
186,85,29,1,2293.25,1.24,1316.03
187,86,14,1,3101.56,6.87,1653.99
188,86,23,3,3998.97,2.94,2126.28
189,87,8,2,4716.54,34.56,2251.56
190,87,27,3,2259.37,37.71,1531.14
191,87,19,2,1579.21,38.74,1042.58
192,87,2,2,344.87,27.47,214.37
193,88,17,1,1223.23,2.07,641.7
194,89,7,3,3336.23,22.59,1975.36
195,89,25,1,1405.94,22.35,683.23
196,90,25,2,1405.94,12.9,683.23
197,91,29,1,2293.25,12.27,1316.03
198,91,13,3,903.79,5.88,474.77
199,91,31,3,2700.0,0.56,2500.0
200,92,17,1,1223.23,1.75,641.7
201,92,22,2,1824.54,0.12,1243.57
202,93,23,1,3998.97,11.58,2126.28
203,93,31,3,2700.0,1.25,2500.0
204,93,6,2,4524.34,7.65,2423.6
205,94,1,1,457.62,11.34,341.45
206,95,8,2,4716.54,6.62,2251.56
207,96,19,3,1579.21,5.96,1042.58
208,96,31,1,2700.0,2.91,2500.0
209,97,14,3,3101.56,12.51,1653.99
210,98,2,2,344.87,10.11,214.37
211,98,31,1,2700.0,6.67,2500.0
212,98,15,2,2079.21,11.16,1257.62
213,98,28,2,5083.77,1.17,2896.91
214,99,31,3,2700.0,2.1,2500.0
215,99,7,2,3336.23,6.82,1975.36
216,100,31,1,2700.0,20.66,2500.0
217,100,19,3,1579.21,0.89,1042.58
218,100,24,1,3013.98,22.62,1731.5
219,101,6,2,4524.34,7.24,2423.6
220,101,23,1,3998.97,12.72,2126.28
221,102,17,1,1223.23,26.95,641.7
222,103,19,3,1579.21,0.75,1042.58
223,103,23,1,3998.97,5.3,2126.28
224,103,13,2,903.79,16.35,474.77
225,104,24,2,3013.98,10.51,1731.5
226,105,18,2,5069.09,2.04,2768.25
227,105,31,2,2700.0,16.08,2500.0
228,105,7,1,3336.23,2.53,1975.36
229,105,9,3,3032.25,5.79,1837.78
230,106,26,3,491.47,7.72,302.79
231,106,31,3,2700.0,1.1,2500.0
232,106,19,1,1579.21,16.5,1042.58
233,107,11,3,3625.98,1.34,1795.44
234,109,31,1,2700.0,22.72,2500.0
235,110,31,3,2700.0,10.31,2500.0
236,111,25,3,1405.94,11.1,683.23
237,111,5,3,3775.0,6.13,1745.57
238,112,1,3,457.62,1.32,341.45
239,113,31,3,2700.0,1.98,2500.0
240,114,14,3,3101.56,1.94,1653.99
241,114,16,1,2352.78,1.72,1141.59
242,114,31,3,2700.0,20.12,2500.0
243,114,4,1,2911.73,7.77,1620.58
244,115,31,3,2700.0,7.84,2500.0
245,115,11,1,3625.98,11.8,1795.44
246,115,12,3,1088.03,20.79,682.84
247,116,31,2,2700.0,10.4,2500.0
248,117,31,3,2700.0,2.63,2500.0
249,118,31,3,2700.0,22.48,2500.0
250,118,28,3,5083.77,11.11,2896.91
251,118,15,2,2079.21,11.05,1257.62
252,119,15,1,2079.21,6.79,1257.62
253,119,17,1,1223.23,2.13,641.7
254,120,21,2,2309.06,10.32,1257.12
255,120,17,2,1223.23,21.27,641.7
256,121,31,1,2700.0,11.68,2500.0
257,122,26,3,491.47,2.56,302.79
258,122,15,2,2079.21,0.3,1257.62
259,123,4,1,2911.73,12.89,1620.58
260,123,31,1,2700.0,1.42,2500.0
261,123,6,1,4524.34,5.67,2423.6
262,124,19,3,1579.21,2.84,1042.58
263,124,13,3,903.79,20.86,474.77
264,125,31,1,2700.0,2.93,2500.0
265,125,26,2,491.47,11.22,302.79
266,125,1,3,457.62,2.76,341.45
267,126,18,1,5069.09,6.36,2768.25
268,126,1,2,457.62,1.22,341.45
269,127,17,3,1223.23,17.9,641.7
270,128,2,2,344.87,0.77,214.37
271,128,15,3,2079.21,7.4,1257.62
272,129,17,1,1223.23,5.28,641.7
273,130,23,1,3998.97,5.55,2126.28
274,131,16,2,2352.78,5.69,1141.59
275,133,21,2,2309.06,6.47,1257.12
276,134,31,2,2700.0,17.82,2500.0
277,135,1,1,457.62,6.14,341.45
278,136,17,1,1223.23,6.41,641.7
279,136,24,1,3013.98,16.27,1731.5
280,137,9,3,3032.25,7.44,1837.78
281,137,16,3,2352.78,12.57,1141.59
282,138,31,2,2700.0,27.29,2500.0
283,139,4,2,2911.73,2.07,1620.58
284,139,31,2,2700.0,17.52,2500.0
285,140,17,2,1223.23,1.24,641.7
286,140,13,3,903.79,20.52,474.77
287,141,29,1,2293.25,11.84,1316.03
288,141,10,1,1456.11,11.27,736.49
289,141,26,1,491.47,0.49,302.79
290,141,21,3,2309.06,7.13,1257.12
291,142,27,1,2259.37,2.56,1531.14
292,143,6,1,4524.34,1.19,2423.6
293,143,31,2,2700.0,20.16,2500.0
294,144,25,2,1405.94,5.74,683.23
295,145,11,1,3625.98,1.99,1795.44
296,146,9,3,3032.25,20.53,1837.78
297,146,28,3,5083.77,20.93,2896.91
298,147,24,2,3013.98,5.47,1731.5
299,148,1,3,457.62,17.84,341.45
300,149,24,1,3013.98,12.65,1731.5
301,150,25,2,1405.94,5.79,683.23
302,150,16,3,2352.78,5.85,1141.59
303,150,18,2,5069.09,7.56,2768.25
304,150,19,1,1579.21,16.85,1042.58
305,151,31,3,2700.0,0.56,2500.0
306,152,1,1,457.62,0.45,341.45
307,152,22,2,1824.54,7.36,1243.57
308,152,24,2,3013.98,0.99,1731.5
309,152,10,1,1456.11,7.33,736.49
310,153,1,1,457.62,6.15,341.45
311,153,16,3,2352.78,0.6,1141.59
312,154,20,2,1292.37,1.89,671.68
313,155,24,1,3013.98,7.92,1731.5
314,155,28,2,5083.77,0.5,2896.91
315,155,8,2,4716.54,5.03,2251.56
316,155,31,3,2700.0,17.07,2500.0
317,156,22,3,1824.54,0.18,1243.57
318,157,31,1,2700.0,30.38,2500.0
319,158,31,2,2700.0,12.17,2500.0
320,159,12,3,1088.03,10.97,682.84
321,160,31,1,2700.0,15.89,2500.0
322,161,12,1,1088.03,12.33,682.84
323,161,5,3,3775.0,22.46,1745.57
324,161,10,3,1456.11,5.97,736.49
325,162,3,1,3011.45,2.62,2079.85
326,163,17,1,1223.23,10.66,641.7
327,163,1,1,457.62,17.79,341.45
328,163,30,3,2120.42,1.08,1542.79
329,164,18,3,5069.09,2.2,2768.25
330,165,31,1,2700.0,21.16,2500.0
331,166,27,3,2259.37,2.3,1531.14
332,167,7,1,3336.23,1.65,1975.36
333,167,11,3,3625.98,17.8,1795.44
334,167,21,2,2309.06,12.29,1257.12
335,168,17,2,1223.23,16.34,641.7
336,169,31,1,2700.0,5.02,2500.0
337,169,14,2,3101.56,2.31,1653.99
338,169,18,3,5069.09,21.67,2768.25
339,170,9,2,3032.25,31.24,1837.78
340,170,15,2,2079.21,38.79,1257.62
341,171,31,2,2700.0,15.52,2500.0
342,171,7,3,3336.23,5.11,1975.36
343,171,25,1,1405.94,2.77,683.23
344,171,28,2,5083.77,2.61,2896.91
345,172,31,3,2700.0,0.96,2500.0
346,172,21,3,2309.06,5.46,1257.12
347,173,15,2,2079.21,7.36,1257.62
348,173,31,2,2700.0,1.43,2500.0
349,173,26,2,491.47,1.2,302.79
350,174,26,3,491.47,34.71,302.79
351,174,5,2,3775.0,38.21,1745.57
352,175,23,1,3998.97,11.03,2126.28
353,175,20,1,1292.37,11.85,671.68
354,176,24,1,3013.98,37.88,1731.5
355,177,19,1,1579.21,12.08,1042.58
356,177,31,2,2700.0,15.07,2500.0
357,177,14,1,3101.56,21.57,1653.99
358,178,2,2,344.87,20.13,214.37
359,179,4,2,2911.73,0.2,1620.58
360,179,24,1,3013.98,0.88,1731.5
361,179,25,1,1405.94,11.53,683.23
362,179,21,2,2309.06,20.26,1257.12
363,180,31,3,2700.0,6.0,2500.0
364,181,20,1,1292.37,41.93,671.68
365,181,18,1,5069.09,35.64,2768.25
366,181,2,3,344.87,41.13,214.37
367,181,22,2,1824.54,36.17,1243.57
368,182,15,2,2079.21,6.72,1257.62
369,182,20,3,1292.37,11.35,671.68
370,182,31,3,2700.0,1.74,2500.0
371,183,28,1,5083.77,0.95,2896.91
372,183,8,1,4716.54,12.52,2251.56
373,183,31,1,2700.0,12.64,2500.0
374,184,18,1,5069.09,5.32,2768.25
375,184,15,3,2079.21,5.69,1257.62
376,184,31,1,2700.0,15.4,2500.0
377,185,25,2,1405.94,15.41,683.23
378,185,3,2,3011.45,2.78,2079.85
379,186,31,2,2700.0,17.06,2500.0
380,187,25,3,1405.94,11.18,683.23
381,188,3,1,3011.45,21.61,2079.85
382,189,29,2,2293.25,7.32,1316.03
383,190,4,3,2911.73,22.71,1620.58
384,190,29,1,2293.25,20.34,1316.03
385,191,13,2,903.79,26.53,474.77
386,192,24,1,3013.98,33.9,1731.5
387,193,31,1,2700.0,40.51,2500.0
388,193,10,1,1456.11,39.77,736.49
389,194,8,1,4716.54,5.01,2251.56
390,194,1,2,457.62,17.57,341.45
391,195,31,2,2700.0,11.33,2500.0
392,196,14,1,3101.56,0.44,1653.99
393,196,3,1,3011.45,2.0,2079.85
394,197,31,1,2700.0,2.02,2500.0
395,198,3,1,3011.45,38.06,2079.85
396,198,25,1,1405.94,37.89,683.23
397,198,5,2,3775.0,33.0,1745.57
398,199,14,3,3101.56,0.33,1653.99
399,200,21,2,2309.06,21.73,1257.12
400,200,9,3,3032.25,16.56,1837.78
401,200,15,3,2079.21,7.94,1257.62
402,201,14,3,3101.56,11.24,1653.99
403,201,31,1,2700.0,5.76,2500.0
404,202,26,3,491.47,2.5,302.79
405,202,22,3,1824.54,17.75,1243.57
406,202,9,2,3032.25,1.88,1837.78
407,203,21,3,2309.06,20.06,1257.12
408,203,22,2,1824.54,2.91,1243.57
409,204,11,3,3625.98,10.56,1795.44
410,204,31,2,2700.0,12.13,2500.0
411,204,6,2,4524.34,6.11,2423.6
412,204,20,1,1292.37,20.91,671.68
413,205,2,2,344.87,20.46,214.37
414,206,31,1,2700.0,22.03,2500.0
415,207,8,1,4716.54,7.8,2251.56
416,207,6,2,4524.34,17.67,2423.6
417,207,31,3,2700.0,5.07,2500.0
418,207,14,2,3101.56,5.58,1653.99
419,208,11,2,3625.98,0.05,1795.44
420,209,18,1,5069.09,6.72,2768.25
421,209,31,2,2700.0,11.62,2500.0
422,210,31,2,2700.0,25.91,2500.0
423,210,12,3,1088.03,35.13,682.84
424,210,29,3,2293.25,31.05,1316.03
425,210,13,3,903.79,37.89,474.77
426,211,31,3,2700.0,15.29,2500.0
427,212,31,3,2700.0,7.74,2500.0
428,213,21,2,2309.06,33.29,1257.12
429,213,31,1,2700.0,30.97,2500.0
430,214,31,3,2700.0,38.54,2500.0
431,214,5,2,3775.0,34.06,1745.57
432,215,31,2,2700.0,1.02,2500.0
433,216,16,1,2352.78,2.22,1141.59
434,217,12,2,1088.03,10.21,682.84
435,218,6,1,4524.34,2.66,2423.6
436,218,1,1,457.62,1.36,341.45
437,218,29,1,2293.25,7.04,1316.03
438,218,20,2,1292.37,12.97,671.68
439,219,19,1,1579.21,12.7,1042.58
440,219,1,3,457.62,22.46,341.45
441,220,26,3,491.47,12.14,302.79
442,221,31,1,2700.0,6.67,2500.0
443,222,31,1,2700.0,1.95,2500.0
444,222,28,1,5083.77,0.41,2896.91
445,222,30,3,2120.42,11.87,1542.79
446,223,12,2,1088.03,1.73,682.84
447,223,16,3,2352.78,20.81,1141.59
448,224,24,1,3013.98,17.89,1731.5
449,224,31,3,2700.0,22.95,2500.0
450,224,18,2,5069.09,20.23,2768.25
451,225,5,3,3775.0,22.39,1745.57
452,225,4,2,2911.73,22.34,1620.58
453,225,22,2,1824.54,12.88,1243.57
454,226,20,3,1292.37,5.18,671.68
455,226,11,3,3625.98,1.97,1795.44
456,226,2,2,344.87,15.25,214.37
457,226,18,2,5069.09,1.85,2768.25
458,227,10,3,1456.11,16.11,736.49
459,228,22,1,1824.54,1.79,1243.57
460,229,11,1,3625.98,10.16,1795.44
461,229,8,1,4716.54,1.39,2251.56
462,229,31,3,2700.0,20.7,2500.0
463,229,25,2,1405.94,5.44,683.23
464,230,3,1,3011.45,21.91,2079.85
465,231,17,3,1223.23,11.38,641.7
466,231,16,3,2352.78,6.56,1141.59
467,232,5,1,3775.0,31.99,1745.57
468,233,19,2,1579.21,5.1,1042.58
469,233,4,3,2911.73,7.85,1620.58
470,234,9,2,3032.25,2.69,1837.78
471,235,5,3,3775.0,32.71,1745.57
472,235,28,3,5083.77,40.36,2896.91
473,236,4,2,2911.73,11.0,1620.58
474,237,31,1,2700.0,10.54,2500.0
475,237,10,3,1456.11,10.66,736.49
476,238,31,1,2700.0,1.71,2500.0
477,238,29,1,2293.25,15.45,1316.03
478,239,22,2,1824.54,1.55,1243.57
479,240,25,3,1405.94,15.36,683.23
480,240,23,2,3998.97,6.2,2126.28
481,240,6,2,4524.34,22.56,2423.6
482,241,3,2,3011.45,5.9,2079.85
483,241,7,3,3336.23,11.46,1975.36
484,241,29,3,2293.25,5.42,1316.03
485,241,16,2,2352.78,10.19,1141.59
486,242,2,1,344.87,10.17,214.37
487,242,3,2,3011.45,0.64,2079.85
488,243,15,1,2079.21,2.21,1257.62
489,244,9,1,3032.25,1.9,1837.78
490,245,5,1,3775.0,1.49,1745.57
491,246,26,2,491.47,2.93,302.79
492,246,9,2,3032.25,7.29,1837.78
493,247,27,1,2259.37,36.84,1531.14
494,248,31,1,2700.0,38.45,2500.0
495,248,25,1,1405.94,25.27,683.23
496,248,1,1,457.62,28.05,341.45
497,249,31,1,2700.0,6.57,2500.0
498,249,12,3,1088.03,1.79,682.84
499,249,6,3,4524.34,6.04,2423.6
500,251,13,1,903.79,2.06,474.77
501,252,4,3,2911.73,10.86,1620.58
502,252,22,3,1824.54,15.13,1243.57
503,252,12,1,1088.03,1.46,682.84
504,252,31,1,2700.0,16.78,2500.0
505,253,15,1,2079.21,10.68,1257.62
506,253,27,1,2259.37,12.67,1531.14
507,253,31,3,2700.0,15.16,2500.0
508,253,14,3,3101.56,15.53,1653.99
509,254,18,1,5069.09,30.71,2768.25
510,255,30,2,2120.42,2.28,1542.79
511,256,11,3,3625.98,22.57,1795.44
512,256,31,3,2700.0,17.59,2500.0
513,256,18,1,5069.09,12.21,2768.25
514,257,10,3,1456.11,1.25,736.49
515,257,31,2,2700.0,20.1,2500.0
516,258,31,1,2700.0,12.85,2500.0
517,259,2,2,344.87,5.49,214.37
518,259,30,1,2120.42,10.55,1542.79
519,260,22,3,1824.54,0.89,1243.57
520,260,14,3,3101.56,1.86,1653.99
521,261,8,2,4716.54,11.4,2251.56
522,261,31,2,2700.0,1.94,2500.0
523,262,31,2,2700.0,6.62,2500.0
524,263,15,2,2079.21,12.69,1257.62
525,264,29,2,2293.25,21.58,1316.03
526,265,19,2,1579.21,12.4,1042.58
527,265,5,1,3775.0,15.26,1745.57
528,265,12,2,1088.03,0.33,682.84
529,265,10,2,1456.11,2.62,736.49
530,266,9,2,3032.25,11.26,1837.78
531,266,2,2,344.87,5.19,214.37
532,266,15,3,2079.21,11.24,1257.62
533,266,21,2,2309.06,22.53,1257.12
534,267,20,1,1292.37,5.68,671.68
535,268,11,3,3625.98,2.14,1795.44
536,268,12,3,1088.03,0.48,682.84
537,269,24,1,3013.98,6.69,1731.5
538,270,11,3,3625.98,5.36,1795.44
539,270,31,2,2700.0,2.84,2500.0
540,271,22,3,1824.54,36.99,1243.57
541,271,19,3,1579.21,36.34,1042.58
542,271,29,2,2293.25,36.72,1316.03
543,272,20,1,1292.37,11.85,671.68
544,272,23,1,3998.97,10.17,2126.28
545,272,18,1,5069.09,0.25,2768.25
546,274,19,2,1579.21,10.92,1042.58
547,274,6,1,4524.34,17.22,2423.6
548,275,28,3,5083.77,10.42,2896.91
549,275,6,1,4524.34,5.91,2423.6
550,275,5,3,3775.0,10.27,1745.57
551,276,9,1,3032.25,2.5,1837.78
552,276,31,2,2700.0,6.48,2500.0
553,277,31,2,2700.0,15.37,2500.0
554,278,31,2,2700.0,17.98,2500.0
555,279,17,3,1223.23,17.92,641.7
556,279,24,3,3013.98,2.54,1731.5
557,279,31,1,2700.0,0.96,2500.0
558,280,27,3,2259.37,40.51,1531.14
559,281,5,3,3775.0,7.3,1745.57
560,281,7,3,3336.23,1.63,1975.36
561,281,20,2,1292.37,10.29,671.68
562,282,24,2,3013.98,11.02,1731.5
563,283,13,3,903.79,22.54,474.77
564,283,8,2,4716.54,17.75,2251.56
565,283,31,1,2700.0,1.44,2500.0
566,284,22,1,1824.54,5.09,1243.57
567,284,15,1,2079.21,2.06,1257.62
568,284,14,1,3101.56,1.27,1653.99
569,285,3,1,3011.45,0.1,2079.85
570,285,4,2,2911.73,2.73,1620.58
571,286,8,3,4716.54,6.76,2251.56
572,287,31,3,2700.0,41.01,2500.0
573,288,16,3,2352.78,0.3,1141.59
574,288,1,3,457.62,7.15,341.45
575,288,11,3,3625.98,2.92,1795.44
576,289,12,2,1088.03,0.54,682.84
577,289,25,2,1405.94,6.54,683.23
578,290,31,1,2700.0,17.29,2500.0
579,290,3,1,3011.45,11.48,2079.85
580,291,29,1,2293.25,21.22,1316.03
581,291,28,1,5083.77,2.68,2896.91
582,291,24,1,3013.98,3.0,1731.5
583,291,7,2,3336.23,16.57,1975.36
584,292,7,3,3336.23,0.19,1975.36
585,292,22,1,1824.54,10.37,1243.57
586,293,26,2,491.47,17.0,302.79
587,293,10,2,1456.11,0.37,736.49
588,294,31,3,2700.0,2.49,2500.0
589,295,10,2,1456.11,2.28,736.49
590,295,30,1,2120.42,6.99,1542.79
591,296,3,2,3011.45,1.15,2079.85
592,296,25,2,1405.94,15.11,683.23
593,296,31,3,2700.0,7.65,2500.0
594,298,26,2,491.47,16.77,302.79
595,299,31,1,2700.0,2.51,2500.0
596,300,31,2,2700.0,11.24,2500.0
597,301,5,2,3775.0,1.01,1745.57
598,301,31,2,2700.0,1.38,2500.0
599,302,2,2,344.87,11.71,214.37
600,302,7,2,3336.23,2.07,1975.36
601,302,22,1,1824.54,6.09,1243.57
602,303,14,2,3101.56,5.14,1653.99
603,304,7,3,3336.23,10.82,1975.36
604,304,14,2,3101.56,1.95,1653.99
605,304,20,2,1292.37,20.94,671.68
606,305,12,1,1088.03,22.59,682.84
607,305,14,3,3101.56,15.8,1653.99
608,305,28,3,5083.77,1.57,2896.91
609,306,20,2,1292.37,10.96,671.68
610,307,16,2,2352.78,5.34,1141.59
611,308,28,2,5083.77,0.61,2896.91
612,308,2,2,344.87,6.98,214.37
613,309,6,2,4524.34,7.6,2423.6
614,310,9,1,3032.25,1.71,1837.78
615,311,6,1,4524.34,2.32,2423.6
616,311,25,3,1405.94,7.81,683.23
617,312,29,2,2293.25,29.32,1316.03
618,313,8,2,4716.54,21.27,2251.56
619,313,18,1,5069.09,11.43,2768.25
620,314,31,3,2700.0,2.07,2500.0
621,314,16,2,2352.78,21.15,1141.59
622,314,24,3,3013.98,1.6,1731.5
623,315,17,2,1223.23,2.81,641.7
624,315,20,1,1292.37,2.75,671.68
625,316,6,2,4524.34,17.21,2423.6
626,317,5,2,3775.0,11.81,1745.57
627,317,21,2,2309.06,2.29,1257.12
628,317,12,3,1088.03,17.37,682.84
629,317,31,2,2700.0,6.88,2500.0
630,318,9,3,3032.25,12.38,1837.78
631,319,21,2,2309.06,5.25,1257.12
632,320,31,1,2700.0,40.69,2500.0
633,321,11,1,3625.98,11.85,1795.44
634,322,31,3,2700.0,0.04,2500.0
635,322,30,3,2120.42,15.36,1542.79
636,323,25,1,1405.94,12.57,683.23
637,323,19,3,1579.21,6.25,1042.58
638,324,29,1,2293.25,31.28,1316.03
639,324,30,1,2120.42,25.18,1542.79
640,325,25,3,1405.94,12.21,683.23
641,325,7,3,3336.23,0.16,1975.36
642,325,31,2,2700.0,0.02,2500.0
643,326,3,3,3011.45,0.78,2079.85
644,327,31,3,2700.0,21.3,2500.0
645,328,18,3,5069.09,12.78,2768.25
646,329,11,2,3625.98,17.29,1795.44
647,329,31,3,2700.0,15.16,2500.0
648,330,31,2,2700.0,32.42,2500.0
649,331,31,3,2700.0,0.37,2500.0
650,332,14,3,3101.56,41.97,1653.99
651,332,31,3,2700.0,28.07,2500.0
652,332,16,2,2352.78,36.51,1141.59
653,333,31,2,2700.0,2.51,2500.0
654,334,3,3,3011.45,15.97,2079.85
655,335,4,3,2911.73,26.2,1620.58
656,335,25,1,1405.94,31.78,683.23
657,335,31,2,2700.0,26.52,2500.0
658,335,11,2,3625.98,38.25,1795.44
659,336,20,3,1292.37,35.26,671.68
660,336,7,2,3336.23,33.72,1975.36
661,337,28,1,5083.77,12.43,2896.91
662,338,30,3,2120.42,6.94,1542.79
663,339,31,2,2700.0,2.95,2500.0
664,340,4,3,2911.73,2.75,1620.58
665,341,17,2,1223.23,6.76,641.7
666,341,2,1,344.87,15.54,214.37
667,341,26,1,491.47,1.25,302.79
668,341,21,3,2309.06,17.27,1257.12
669,342,17,3,1223.23,1.3,641.7
670,343,26,3,491.47,15.91,302.79
671,343,24,3,3013.98,12.41,1731.5
672,344,31,1,2700.0,36.83,2500.0
673,345,31,1,2700.0,12.53,2500.0
674,345,13,1,903.79,7.31,474.77
675,345,8,1,4716.54,2.22,2251.56
676,346,13,2,903.79,10.15,474.77
677,346,31,3,2700.0,12.94,2500.0
678,347,4,3,2911.73,1.27,1620.58
679,348,8,2,4716.54,11.34,2251.56
680,348,11,2,3625.98,6.41,1795.44
681,349,22,3,1824.54,15.39,1243.57
682,349,25,2,1405.94,12.39,683.23
683,349,11,3,3625.98,5.85,1795.44
684,350,31,1,2700.0,15.3,2500.0
685,351,2,2,344.87,6.07,214.37
686,352,8,3,4716.54,28.85,2251.56
687,353,3,3,3011.45,7.69,2079.85
688,354,8,1,4716.54,2.47,2251.56
689,354,31,1,2700.0,1.89,2500.0
690,355,7,1,3336.23,11.0,1975.36
691,356,1,1,457.62,16.02,341.45
692,356,6,2,4524.34,12.15,2423.6
693,357,31,3,2700.0,12.36,2500.0
694,358,24,1,3013.98,15.44,1731.5
695,358,31,3,2700.0,0.25,2500.0
696,358,11,2,3625.98,1.18,1795.44
697,359,27,2,2259.37,40.06,1531.14
698,359,20,3,1292.37,37.63,671.68
699,359,1,2,457.62,40.3,341.45
700,360,29,3,2293.25,30.87,1316.03
701,360,26,1,491.47,39.98,302.79
702,361,9,3,3032.25,20.85,1837.78
703,361,31,3,2700.0,6.56,2500.0
704,362,16,2,2352.78,37.35,1141.59
705,362,8,3,4716.54,26.02,2251.56
706,363,1,2,457.62,12.95,341.45
707,364,9,3,3032.25,11.56,1837.78
708,364,21,3,2309.06,7.47,1257.12
709,365,27,1,2259.37,0.19,1531.14
710,365,31,1,2700.0,15.23,2500.0
711,365,26,3,491.47,21.56,302.79
712,365,17,3,1223.23,16.91,641.7
713,366,31,3,2700.0,15.39,2500.0
714,367,31,3,2700.0,12.77,2500.0
715,367,8,1,4716.54,11.72,2251.56
716,368,31,1,2700.0,2.35,2500.0
717,370,27,2,2259.37,6.7,1531.14
718,371,31,1,2700.0,21.91,2500.0
719,371,29,1,2293.25,10.27,1316.03
720,371,27,2,2259.37,7.7,1531.14
721,372,6,1,4524.34,1.72,2423.6
722,372,20,3,1292.37,1.93,671.68
723,372,31,3,2700.0,21.73,2500.0
724,373,31,3,2700.0,2.89,2500.0
725,374,21,2,2309.06,1.47,1257.12
726,374,22,2,1824.54,1.24,1243.57
727,375,19,1,1579.21,0.77,1042.58
728,376,31,3,2700.0,41.34,2500.0
729,376,4,2,2911.73,31.63,1620.58
730,376,27,2,2259.37,29.38,1531.14
731,376,8,1,4716.54,28.44,2251.56
732,377,8,2,4716.54,0.96,2251.56
733,377,5,2,3775.0,1.22,1745.57
734,377,2,2,344.87,22.89,214.37
735,378,20,3,1292.37,11.34,671.68
736,378,10,2,1456.11,22.96,736.49
737,378,28,3,5083.77,15.13,2896.91
738,379,31,2,2700.0,6.79,2500.0
739,381,20,1,1292.37,12.1,671.68
740,381,18,2,5069.09,6.83,2768.25
741,381,21,3,2309.06,11.91,1257.12
742,382,22,1,1824.54,17.88,1243.57
743,382,9,3,3032.25,1.83,1837.78
744,382,31,1,2700.0,1.24,2500.0
745,383,2,3,344.87,17.02,214.37
746,383,25,3,1405.94,11.16,683.23
747,383,1,1,457.62,16.11,341.45
748,384,6,3,4524.34,7.43,2423.6
749,384,3,2,3011.45,17.71,2079.85
750,384,14,1,3101.56,7.95,1653.99
751,385,11,3,3625.98,6.98,1795.44
752,385,12,1,1088.03,2.24,682.84
753,385,31,3,2700.0,7.64,2500.0
754,386,17,3,1223.23,22.65,641.7
755,387,31,2,2700.0,12.53,2500.0
756,387,8,3,4716.54,21.4,2251.56
757,387,3,3,3011.45,5.14,2079.85
758,387,29,2,2293.25,1.18,1316.03
759,388,28,1,5083.77,5.59,2896.91
760,388,5,3,3775.0,0.08,1745.57
761,388,2,3,344.87,12.52,214.37
762,388,31,1,2700.0,12.5,2500.0
763,389,7,3,3336.23,16.74,1975.36
764,389,31,1,2700.0,1.13,2500.0
765,389,5,1,3775.0,2.76,1745.57
766,390,7,3,3336.23,1.68,1975.36
767,390,25,2,1405.94,1.85,683.23
768,390,1,2,457.62,11.39,341.45
769,391,7,1,3336.23,1.79,1975.36
770,391,31,1,2700.0,1.91,2500.0
771,392,12,1,1088.03,2.39,682.84
772,392,31,2,2700.0,11.54,2500.0
773,392,23,2,3998.97,22.33,2126.28
774,393,10,1,1456.11,6.52,736.49
775,394,13,1,903.79,10.57,474.77
776,395,22,3,1824.54,6.26,1243.57
777,395,31,2,2700.0,1.49,2500.0
778,396,16,2,2352.78,12.42,1141.59
779,396,26,1,491.47,1.09,302.79
780,397,31,2,2700.0,6.89,2500.0
781,398,12,1,1088.03,7.16,682.84
782,399,31,2,2700.0,0.06,2500.0
783,400,14,2,3101.56,32.76,1653.99
784,401,28,3,5083.77,0.36,2896.91
785,401,9,1,3032.25,6.6,1837.78
786,401,21,3,2309.06,12.93,1257.12
787,402,19,1,1579.21,10.74,1042.58
788,403,14,3,3101.56,2.35,1653.99
789,403,5,1,3775.0,21.16,1745.57
790,404,24,3,3013.98,17.15,1731.5
791,405,3,1,3011.45,7.68,2079.85
792,405,16,2,2352.78,5.92,1141.59
793,406,31,1,2700.0,30.02,2500.0
794,406,15,3,2079.21,25.7,1257.62
795,406,22,2,1824.54,32.67,1243.57
796,407,2,1,344.87,15.7,214.37
797,407,23,1,3998.97,7.53,2126.28
798,408,31,2,2700.0,1.64,2500.0
799,409,18,1,5069.09,3.0,2768.25
800,409,17,1,1223.23,5.85,641.7
801,412,13,2,903.79,10.63,474.77
802,413,20,3,1292.37,1.5,671.68
803,413,23,2,3998.97,6.26,2126.28
804,413,26,3,491.47,20.9,302.79
805,414,31,2,2700.0,12.94,2500.0
806,415,7,2,3336.23,16.92,1975.36
807,415,11,1,3625.98,20.53,1795.44
808,416,31,2,2700.0,5.62,2500.0
809,417,11,2,3625.98,11.17,1795.44
810,417,9,3,3032.25,11.43,1837.78
811,418,31,1,2700.0,6.76,2500.0
812,419,29,1,2293.25,11.81,1316.03
813,420,3,3,3011.45,0.86,2079.85
814,420,30,2,2120.42,6.17,1542.79
815,421,30,2,2120.42,2.1,1542.79
816,421,31,3,2700.0,0.72,2500.0
817,421,18,3,5069.09,20.88,2768.25
818,422,31,2,2700.0,2.27,2500.0
819,422,21,2,2309.06,15.49,1257.12
820,422,3,2,3011.45,0.22,2079.85
821,423,13,2,903.79,0.03,474.77
822,423,31,1,2700.0,12.01,2500.0
823,423,30,1,2120.42,1.65,1542.79
824,423,29,1,2293.25,17.46,1316.03
825,424,31,1,2700.0,34.09,2500.0
826,425,10,2,1456.11,31.09,736.49
827,426,4,3,2911.73,21.92,1620.58
828,427,1,1,457.62,12.3,341.45
829,427,24,1,3013.98,5.27,1731.5
830,428,5,1,3775.0,2.39,1745.57
831,429,21,2,2309.06,34.55,1257.12
832,429,14,3,3101.56,31.72,1653.99
833,430,12,1,1088.03,11.96,682.84
834,431,31,2,2700.0,10.13,2500.0
835,432,7,3,3336.23,22.37,1975.36
836,432,11,2,3625.98,1.8,1795.44
837,433,21,3,2309.06,15.2,1257.12
838,434,1,1,457.62,1.85,341.45
839,434,20,1,1292.37,12.27,671.68
840,434,4,1,2911.73,11.5,1620.58
841,435,31,3,2700.0,35.17,2500.0
842,435,22,1,1824.54,29.73,1243.57
843,435,3,3,3011.45,38.46,2079.85
844,435,19,1,1579.21,28.89,1042.58
845,436,16,3,2352.78,6.82,1141.59
846,437,31,2,2700.0,2.86,2500.0
847,437,14,1,3101.56,0.52,1653.99
848,438,13,1,903.79,10.53,474.77
849,438,19,3,1579.21,17.9,1042.58
850,439,11,2,3625.98,16.27,1795.44
851,439,28,1,5083.77,15.06,2896.91
852,440,12,2,1088.03,11.39,682.84
853,440,25,3,1405.94,15.22,683.23
854,440,31,2,2700.0,5.46,2500.0
855,441,27,2,2259.37,11.15,1531.14
856,441,5,2,3775.0,2.98,1745.57
857,441,31,3,2700.0,0.58,2500.0
858,442,24,3,3013.98,1.95,1731.5
859,442,16,1,2352.78,15.1,1141.59
860,442,2,3,344.87,0.78,214.37
861,442,10,2,1456.11,6.81,736.49
862,443,25,2,1405.94,37.0,683.23
863,444,20,3,1292.37,21.98,671.68
864,445,23,1,3998.97,7.25,2126.28
865,445,26,3,491.47,5.02,302.79
866,445,31,2,2700.0,0.29,2500.0
867,445,27,3,2259.37,11.96,1531.14
868,446,9,1,3032.25,15.55,1837.78
869,446,29,3,2293.25,5.56,1316.03
870,447,7,3,3336.23,27.82,1975.36
871,447,25,1,1405.94,29.7,683.23
872,448,7,1,3336.23,0.8,1975.36
873,448,3,1,3011.45,6.57,2079.85
874,449,31,2,2700.0,11.01,2500.0
875,449,22,2,1824.54,7.82,1243.57
876,450,22,1,1824.54,1.37,1243.57
877,451,31,3,2700.0,7.85,2500.0
878,451,16,2,2352.78,16.86,1141.59
879,452,21,1,2309.06,12.62,1257.12
880,453,26,3,491.47,1.05,302.79
881,454,10,3,1456.11,20.1,736.49
882,454,6,2,4524.34,22.96,2423.6
883,454,29,1,2293.25,16.99,1316.03
884,455,7,2,3336.23,0.48,1975.36
885,455,25,2,1405.94,7.16,683.23
886,455,8,3,4716.54,2.77,2251.56
887,456,31,2,2700.0,12.73,2500.0
888,456,25,3,1405.94,22.9,683.23
889,456,15,1,2079.21,5.35,1257.62
890,457,13,3,903.79,1.72,474.77
891,457,31,2,2700.0,11.73,2500.0
892,458,9,3,3032.25,5.32,1837.78
893,458,31,2,2700.0,10.43,2500.0
894,459,31,2,2700.0,2.24,2500.0
895,459,3,3,3011.45,10.93,2079.85
896,460,14,2,3101.56,7.11,1653.99
897,460,22,1,1824.54,7.54,1243.57
898,460,15,3,2079.21,2.77,1257.62
899,461,11,1,3625.98,34.32,1795.44
900,461,31,2,2700.0,37.88,2500.0
901,462,13,3,903.79,21.18,474.77
902,462,31,3,2700.0,2.55,2500.0
903,463,29,3,2293.25,15.87,1316.03
904,464,1,2,457.62,2.03,341.45
905,465,7,2,3336.23,15.54,1975.36
906,466,10,3,1456.11,10.74,736.49
907,466,31,2,2700.0,15.91,2500.0
908,467,6,2,4524.34,39.7,2423.6
909,467,18,3,5069.09,36.1,2768.25
910,468,31,3,2700.0,20.67,2500.0
911,469,31,3,2700.0,1.15,2500.0
912,469,28,2,5083.77,0.3,2896.91
913,469,12,2,1088.03,1.18,682.84
914,470,8,1,4716.54,0.54,2251.56
915,470,12,1,1088.03,21.34,682.84
916,470,3,1,3011.45,6.96,2079.85
917,471,24,3,3013.98,1.27,1731.5
918,473,23,3,3998.97,21.53,2126.28
919,474,31,1,2700.0,7.57,2500.0
920,475,18,1,5069.09,37.39,2768.25
921,476,11,2,3625.98,15.25,1795.44
922,476,28,3,5083.77,1.61,2896.91
923,477,24,3,3013.98,21.81,1731.5
924,477,10,2,1456.11,11.14,736.49
925,477,16,1,2352.78,5.37,1141.59
926,477,31,3,2700.0,10.2,2500.0
927,478,31,1,2700.0,5.03,2500.0
928,478,15,2,2079.21,2.35,1257.62
929,479,31,2,2700.0,36.91,2500.0
930,480,31,2,2700.0,1.04,2500.0
931,482,18,1,5069.09,40.61,2768.25
932,483,30,1,2120.42,17.96,1542.79
933,483,28,3,5083.77,5.92,2896.91
934,483,20,2,1292.37,12.54,671.68
935,484,11,3,3625.98,0.25,1795.44
936,485,9,2,3032.25,16.55,1837.78
937,485,8,2,4716.54,1.85,2251.56
938,485,1,3,457.62,12.11,341.45
939,485,16,3,2352.78,22.05,1141.59
940,486,12,1,1088.03,12.52,682.84
941,486,4,2,2911.73,16.14,1620.58
942,486,8,2,4716.54,7.5,2251.56
943,487,14,1,3101.56,10.65,1653.99
944,488,30,2,2120.42,6.06,1542.79
945,489,31,2,2700.0,15.59,2500.0
946,489,10,2,1456.11,2.74,736.49
947,490,24,2,3013.98,31.2,1731.5
948,491,11,1,3625.98,12.24,1795.44
949,491,31,3,2700.0,5.33,2500.0
950,491,9,2,3032.25,12.23,1837.78
951,492,31,2,2700.0,21.49,2500.0
952,492,9,2,3032.25,11.51,1837.78
953,493,9,1,3032.25,11.5,1837.78
954,494,1,2,457.62,15.87,341.45
955,494,28,1,5083.77,2.19,2896.91
956,495,16,3,2352.78,10.6,1141.59
957,495,7,3,3336.23,21.83,1975.36
958,496,18,1,5069.09,40.79,2768.25
959,497,25,2,1405.94,20.92,683.23
960,498,4,2,2911.73,0.81,1620.58
961,499,4,1,2911.73,0.0,1620.58
962,500,7,2,3336.23,0.76,1975.36
963,500,22,2,1824.54,0.29,1243.57
964,501,16,3,2352.78,29.69,1141.59
965,501,6,1,4524.34,27.22,2423.6
966,501,8,1,4716.54,34.97,2251.56
967,502,5,3,3775.0,10.9,1745.57
968,502,13,3,903.79,0.13,474.77
969,503,23,2,3998.97,16.89,2126.28
970,503,31,2,2700.0,1.45,2500.0
971,504,9,2,3032.25,2.87,1837.78
972,504,31,3,2700.0,7.22,2500.0
973,505,11,2,3625.98,21.15,1795.44
974,505,26,3,491.47,5.62,302.79
975,505,31,3,2700.0,6.78,2500.0
976,506,20,1,1292.37,7.12,671.68
977,506,11,1,3625.98,1.6,1795.44
978,506,10,2,1456.11,0.81,736.49
979,506,16,1,2352.78,20.35,1141.59
980,507,17,3,1223.23,1.23,641.7
981,507,21,1,2309.06,2.47,1257.12
982,508,7,3,3336.23,12.84,1975.36
983,509,26,1,491.47,15.7,302.79
984,509,24,1,3013.98,15.28,1731.5
985,510,12,3,1088.03,5.06,682.84
986,511,31,2,2700.0,29.17,2500.0
987,512,31,1,2700.0,1.13,2500.0
988,512,3,1,3011.45,7.31,2079.85
989,513,1,1,457.62,34.22,341.45
990,514,29,1,2293.25,6.0,1316.03
991,514,31,1,2700.0,22.08,2500.0
992,515,7,3,3336.23,10.43,1975.36
993,516,31,3,2700.0,5.68,2500.0
994,516,25,3,1405.94,1.48,683.23
995,517,31,2,2700.0,1.08,2500.0
996,517,6,1,4524.34,0.53,2423.6
997,518,20,3,1292.37,6.05,671.68
998,518,31,2,2700.0,12.8,2500.0
999,518,5,1,3775.0,2.33,1745.57
1000,519,8,3,4716.54,12.88,2251.56
1001,519,6,2,4524.34,0.55,2423.6
1002,520,27,3,2259.37,10.41,1531.14
1003,520,16,2,2352.78,11.65,1141.59
1004,521,27,3,2259.37,7.11,1531.14
1005,522,31,1,2700.0,0.18,2500.0
1006,523,31,3,2700.0,10.73,2500.0
1007,523,4,3,2911.73,0.35,1620.58
1008,524,28,2,5083.77,25.92,2896.91
1009,525,31,2,2700.0,0.24,2500.0
1010,526,31,3,2700.0,2.24,2500.0
1011,527,1,2,457.62,0.47,341.45
1012,527,3,3,3011.45,1.51,2079.85
1013,527,31,2,2700.0,16.66,2500.0
1014,528,9,3,3032.25,6.2,1837.78
1015,529,30,2,2120.42,11.96,1542.79
1016,529,25,1,1405.94,2.41,683.23
1017,529,13,2,903.79,0.31,474.77
1018,530,31,1,2700.0,0.64,2500.0
1019,531,16,2,2352.78,2.93,1141.59
1020,531,31,1,2700.0,0.94,2500.0
1021,531,1,2,457.62,7.88,341.45
1022,531,21,2,2309.06,12.92,1257.12
1023,532,10,1,1456.11,11.43,736.49
1024,532,3,2,3011.45,0.45,2079.85
1025,532,6,3,4524.34,7.65,2423.6
1026,533,22,2,1824.54,38.35,1243.57
1027,533,24,3,3013.98,39.55,1731.5
1028,534,5,1,3775.0,15.29,1745.57
1029,534,31,2,2700.0,22.6,2500.0
1030,535,31,2,2700.0,0.2,2500.0
1031,535,23,1,3998.97,0.54,2126.28
1032,536,29,3,2293.25,2.82,1316.03
1033,537,9,2,3032.25,11.54,1837.78
1034,537,21,2,2309.06,2.05,1257.12
1035,538,4,3,2911.73,7.1,1620.58
1036,539,26,1,491.47,6.16,302.79
1037,539,6,2,4524.34,16.41,2423.6
1038,540,26,2,491.47,6.2,302.79
1039,541,31,1,2700.0,6.36,2500.0
1040,542,25,1,1405.94,12.37,683.23
1041,543,28,2,5083.77,6.91,2896.91
1042,544,31,3,2700.0,32.67,2500.0
1043,544,14,3,3101.56,40.18,1653.99
1044,545,20,1,1292.37,6.05,671.68
1045,545,31,3,2700.0,2.9,2500.0
1046,546,13,1,903.79,0.97,474.77
1047,546,21,1,2309.06,2.69,1257.12
1048,547,29,1,2293.25,16.92,1316.03
1049,547,3,1,3011.45,6.26,2079.85
1050,547,11,3,3625.98,10.65,1795.44
1051,548,24,1,3013.98,7.69,1731.5
1052,549,27,2,2259.37,11.06,1531.14
1053,549,22,1,1824.54,1.38,1243.57
1054,549,11,3,3625.98,11.14,1795.44
1055,550,7,1,3336.23,0.27,1975.36
1056,550,31,2,2700.0,1.49,2500.0
1057,551,30,3,2120.42,10.34,1542.79
1058,551,8,2,4716.54,16.24,2251.56
1059,552,18,3,5069.09,5.92,2768.25
1060,553,31,1,2700.0,12.52,2500.0
1061,554,16,3,2352.78,10.58,1141.59
1062,554,4,3,2911.73,10.39,1620.58
1063,554,12,2,1088.03,11.55,682.84
1064,555,26,3,491.47,7.51,302.79
1065,556,31,1,2700.0,0.08,2500.0
1066,557,9,2,3032.25,10.56,1837.78
1067,558,25,2,1405.94,0.82,683.23
1068,558,2,3,344.87,0.33,214.37
1069,558,8,1,4716.54,0.85,2251.56
1070,559,14,2,3101.56,1.47,1653.99
1071,559,31,1,2700.0,17.88,2500.0
1072,560,29,1,2293.25,0.9,1316.03
1073,560,3,1,3011.45,12.98,2079.85
1074,561,8,1,4716.54,1.61,2251.56
1075,561,10,1,1456.11,10.34,736.49
1076,561,21,1,2309.06,5.25,1257.12
1077,561,9,2,3032.25,6.44,1837.78
1078,562,26,1,491.47,5.52,302.79
1079,562,18,2,5069.09,1.75,2768.25
1080,562,20,1,1292.37,7.86,671.68
1081,563,21,3,2309.06,1.82,1257.12
1082,563,23,2,3998.97,1.35,2126.28
1083,564,2,1,344.87,2.43,214.37
1084,564,12,2,1088.03,5.22,682.84
1085,564,24,1,3013.98,10.37,1731.5
1086,565,21,1,2309.06,20.2,1257.12
1087,565,14,3,3101.56,5.31,1653.99
1088,566,28,2,5083.77,10.59,2896.91
1089,566,31,2,2700.0,15.14,2500.0
1090,567,31,2,2700.0,10.71,2500.0
1091,568,26,1,491.47,22.75,302.79
1092,569,27,3,2259.37,5.82,1531.14
1093,570,26,2,491.47,16.48,302.79
1094,570,8,2,4716.54,0.09,2251.56
1095,571,28,1,5083.77,0.26,2896.91
1096,571,24,3,3013.98,2.8,1731.5
1097,572,5,2,3775.0,12.06,1745.57
1098,573,8,1,4716.54,12.59,2251.56
1099,574,31,3,2700.0,6.73,2500.0
1100,574,18,2,5069.09,15.68,2768.25
1101,574,19,3,1579.21,1.06,1042.58
1102,574,16,3,2352.78,7.08,1141.59
1103,575,30,2,2120.42,6.46,1542.79
1104,576,20,3,1292.37,16.97,671.68
1105,576,7,1,3336.23,7.75,1975.36
1106,576,29,3,2293.25,20.61,1316.03
1107,577,31,2,2700.0,0.44,2500.0
1108,577,8,1,4716.54,2.68,2251.56
1109,578,23,2,3998.97,2.78,2126.28
1110,578,31,2,2700.0,5.45,2500.0
1111,578,29,2,2293.25,10.29,1316.03
1112,579,12,3,1088.03,6.59,682.84
1113,579,28,1,5083.77,1.94,2896.91
1114,580,16,1,2352.78,20.3,1141.59
1115,581,14,1,3101.56,6.04,1653.99
1116,581,19,3,1579.21,0.28,1042.58
1117,581,31,3,2700.0,7.56,2500.0
1118,581,11,2,3625.98,0.5,1795.44
1119,582,22,1,1824.54,2.92,1243.57
1120,582,11,3,3625.98,1.78,1795.44
1121,582,1,2,457.62,6.42,341.45
1122,582,31,1,2700.0,7.51,2500.0
1123,583,22,2,1824.54,33.34,1243.57
1124,584,1,2,457.62,7.13,341.45
1125,584,31,1,2700.0,7.06,2500.0
1126,585,10,2,1456.11,15.09,736.49
1127,586,31,2,2700.0,2.9,2500.0
1128,586,29,3,2293.25,0.8,1316.03
1129,586,22,2,1824.54,12.84,1243.57
1130,586,13,1,903.79,22.11,474.77
1131,587,23,2,3998.97,2.91,2126.28
1132,587,10,2,1456.11,1.57,736.49
1133,587,11,2,3625.98,15.86,1795.44
1134,588,8,1,4716.54,15.92,2251.56
1135,589,23,2,3998.97,22.0,2126.28
1136,590,31,3,2700.0,28.34,2500.0
1137,590,6,2,4524.34,28.72,2423.6
1138,591,26,1,491.47,7.76,302.79
1139,591,12,3,1088.03,12.04,682.84
1140,591,9,3,3032.25,5.75,1837.78
1141,591,13,2,903.79,5.26,474.77
1142,592,28,1,5083.77,1.58,2896.91
1143,593,27,2,2259.37,2.74,1531.14
1144,593,31,2,2700.0,2.27,2500.0
1145,594,19,1,1579.21,10.38,1042.58
1146,594,30,3,2120.42,17.52,1542.79
1147,594,31,2,2700.0,1.0,2500.0
1148,595,4,1,2911.73,22.22,1620.58
1149,595,31,1,2700.0,20.43,2500.0
1150,596,1,2,457.62,35.6,341.45
1151,596,5,1,3775.0,27.6,1745.57
1152,598,12,1,1088.03,20.78,682.84
1153,598,29,3,2293.25,1.3,1316.03
1154,599,11,3,3625.98,20.6,1795.44
1155,599,19,3,1579.21,2.88,1042.58
1156,599,18,2,5069.09,12.09,2768.25
1157,599,31,2,2700.0,10.44,2500.0
1158,600,31,2,2700.0,1.94,2500.0
1159,600,29,1,2293.25,12.89,1316.03
1160,602,12,3,1088.03,1.06,682.84
1161,602,22,2,1824.54,0.84,1243.57
1162,603,12,3,1088.03,22.33,682.84
1163,603,9,3,3032.25,11.77,1837.78
1164,604,31,1,2700.0,0.7,2500.0
1165,605,7,1,3336.23,12.27,1975.36
1166,605,5,1,3775.0,5.34,1745.57
1167,605,24,3,3013.98,2.77,1731.5
1168,606,31,3,2700.0,20.6,2500.0
1169,606,29,3,2293.25,5.68,1316.03
1170,607,31,1,2700.0,35.69,2500.0
1171,608,24,2,3013.98,22.59,1731.5
1172,609,14,3,3101.56,39.07,1653.99
1173,609,23,3,3998.97,40.3,2126.28
1174,609,5,2,3775.0,32.27,1745.57
1175,610,20,1,1292.37,1.5,671.68
1176,611,17,2,1223.23,10.2,641.7
1177,611,19,1,1579.21,21.73,1042.58
1178,612,31,2,2700.0,0.1,2500.0
1179,612,13,2,903.79,0.42,474.77
1180,612,22,3,1824.54,0.71,1243.57
1181,613,6,3,4524.34,17.84,2423.6
1182,613,3,1,3011.45,1.49,2079.85
1183,614,15,1,2079.21,0.08,1257.62
1184,614,13,3,903.79,12.05,474.77
1185,615,25,3,1405.94,1.29,683.23
1186,616,24,2,3013.98,28.29,1731.5
1187,617,15,2,2079.21,21.7,1257.62
1188,618,31,1,2700.0,5.13,2500.0
1189,619,8,3,4716.54,0.23,2251.56
1190,619,14,2,3101.56,12.69,1653.99
1191,619,29,3,2293.25,7.82,1316.03
1192,620,21,3,2309.06,21.51,1257.12
1193,620,31,2,2700.0,15.84,2500.0
1194,620,9,3,3032.25,5.91,1837.78
1195,621,10,1,1456.11,7.1,736.49
1196,621,30,1,2120.42,1.5,1542.79
1197,621,31,2,2700.0,10.9,2500.0
1198,621,4,2,2911.73,11.49,1620.58
1199,622,12,3,1088.03,11.6,682.84
1200,623,22,2,1824.54,7.27,1243.57
1201,623,28,2,5083.77,2.42,2896.91
1202,624,25,2,1405.94,5.4,683.23
1203,624,31,3,2700.0,5.26,2500.0
1204,625,31,2,2700.0,10.81,2500.0
1205,625,1,1,457.62,6.71,341.45
1206,626,31,1,2700.0,15.11,2500.0
1207,626,14,2,3101.56,1.74,1653.99
1208,627,29,1,2293.25,7.3,1316.03
1209,628,4,1,2911.73,1.96,1620.58
1210,629,15,1,2079.21,7.93,1257.62
1211,630,23,1,3998.97,1.52,2126.28
1212,631,27,1,2259.37,12.63,1531.14
1213,631,31,2,2700.0,11.0,2500.0
1214,632,31,2,2700.0,0.87,2500.0
1215,632,7,3,3336.23,7.42,1975.36
1216,633,31,3,2700.0,1.14,2500.0
1217,633,6,1,4524.34,6.7,2423.6
1218,633,27,3,2259.37,2.54,1531.14
1219,634,29,2,2293.25,5.59,1316.03
1220,634,16,2,2352.78,7.4,1141.59
1221,634,15,2,2079.21,12.24,1257.62
1222,634,31,1,2700.0,17.2,2500.0
1223,635,24,3,3013.98,16.82,1731.5
1224,635,27,1,2259.37,2.78,1531.14
1225,636,8,1,4716.54,31.94,2251.56
1226,636,10,3,1456.11,33.4,736.49
1227,637,31,2,2700.0,7.3,2500.0
1228,638,2,3,344.87,2.97,214.37
1229,639,16,3,2352.78,5.36,1141.59
1230,640,29,2,2293.25,17.22,1316.03
1231,640,31,3,2700.0,2.2,2500.0
1232,641,29,1,2293.25,22.17,1316.03
1233,641,7,1,3336.23,6.48,1975.36
1234,642,12,1,1088.03,2.44,682.84
1235,642,14,2,3101.56,20.83,1653.99
1236,643,31,2,2700.0,6.46,2500.0
1237,643,11,2,3625.98,7.97,1795.44
1238,644,31,1,2700.0,22.52,2500.0
1239,644,2,3,344.87,2.88,214.37
1240,645,19,3,1579.21,12.2,1042.58
1241,646,8,2,4716.54,40.11,2251.56
1242,647,8,2,4716.54,2.23,2251.56
1243,647,5,2,3775.0,1.52,1745.57
1244,648,5,3,3775.0,12.68,1745.57
1245,648,31,1,2700.0,20.95,2500.0
1246,648,3,3,3011.45,0.74,2079.85
1247,649,10,2,1456.11,2.2,736.49
1248,650,14,1,3101.56,32.38,1653.99
1249,651,17,3,1223.23,11.89,641.7
1250,652,20,1,1292.37,7.0,671.68
1251,652,26,3,491.47,11.63,302.79
1252,652,15,1,2079.21,6.26,1257.62
1253,652,16,3,2352.78,10.35,1141.59
1254,653,9,2,3032.25,16.8,1837.78
1255,653,2,2,344.87,6.52,214.37
1256,654,27,2,2259.37,16.28,1531.14
1257,654,4,2,2911.73,17.18,1620.58
1258,655,11,3,3625.98,7.34,1795.44
1259,655,31,3,2700.0,10.39,2500.0
1260,656,22,2,1824.54,20.19,1243.57
1261,657,26,3,491.47,5.87,302.79
1262,658,16,1,2352.78,2.54,1141.59
1263,659,31,2,2700.0,5.07,2500.0
1264,659,16,1,2352.78,7.25,1141.59
1265,660,5,1,3775.0,22.17,1745.57
1266,660,27,1,2259.37,2.23,1531.14
1267,661,13,3,903.79,39.61,474.77
1268,661,28,3,5083.77,37.64,2896.91
1269,661,30,1,2120.42,26.69,1542.79
1270,662,31,2,2700.0,20.84,2500.0
1271,663,24,3,3013.98,1.36,1731.5
1272,663,2,2,344.87,6.34,214.37
1273,663,7,3,3336.23,6.0,1975.36
1274,663,6,1,4524.34,20.51,2423.6
1275,664,31,3,2700.0,5.18,2500.0
1276,664,27,2,2259.37,12.5,1531.14
1277,665,1,2,457.62,7.27,341.45
1278,665,16,2,2352.78,17.13,1141.59
1279,666,31,1,2700.0,0.49,2500.0
1280,666,11,1,3625.98,17.61,1795.44
1281,667,1,2,457.62,1.31,341.45
1282,667,18,3,5069.09,11.85,2768.25
1283,667,11,1,3625.98,6.57,1795.44
1284,668,14,2,3101.56,0.49,1653.99
1285,668,31,1,2700.0,11.25,2500.0
1286,669,13,3,903.79,1.61,474.77
1287,669,4,3,2911.73,16.78,1620.58
1288,670,1,1,457.62,5.85,341.45
1289,671,13,1,903.79,0.31,474.77
1290,671,12,2,1088.03,0.38,682.84
1291,672,31,1,2700.0,0.01,2500.0
1292,672,14,1,3101.56,0.43,1653.99
1293,672,1,2,457.62,2.69,341.45
1294,673,21,2,2309.06,33.51,1257.12
1295,673,31,3,2700.0,31.69,2500.0
1296,674,6,3,4524.34,7.87,2423.6
1297,675,17,3,1223.23,1.67,641.7
1298,676,23,3,3998.97,10.64,2126.28
1299,676,13,2,903.79,10.54,474.77
1300,677,1,3,457.62,5.99,341.45
1301,677,17,3,1223.23,1.82,641.7
1302,678,31,3,2700.0,5.82,2500.0
1303,679,12,2,1088.03,22.42,682.84
1304,679,31,1,2700.0,2.12,2500.0
1305,679,6,2,4524.34,0.17,2423.6
1306,680,13,3,903.79,1.0,474.77
1307,680,21,3,2309.06,2.72,1257.12
1308,680,24,3,3013.98,2.82,1731.5
1309,681,31,3,2700.0,2.19,2500.0
1310,682,1,2,457.62,29.65,341.45
1311,683,6,3,4524.34,15.26,2423.6
1312,683,12,3,1088.03,0.56,682.84
1313,683,2,1,344.87,0.65,214.37
1314,684,13,3,903.79,0.93,474.77
1315,685,27,1,2259.37,5.82,1531.14
1316,686,6,2,4524.34,31.04,2423.6
1317,686,11,1,3625.98,41.14,1795.44
1318,686,10,3,1456.11,34.67,736.49
1319,687,14,2,3101.56,21.65,1653.99
1320,687,18,1,5069.09,22.32,2768.25
1321,687,30,2,2120.42,2.77,1542.79
1322,687,12,2,1088.03,1.4,682.84
1323,688,3,2,3011.45,1.89,2079.85
1324,688,1,1,457.62,11.43,341.45
1325,688,7,1,3336.23,10.92,1975.36
1326,688,12,1,1088.03,17.43,682.84
1327,689,22,2,1824.54,10.9,1243.57
1328,689,15,3,2079.21,1.26,1257.62
1329,689,26,3,491.47,0.49,302.79
1330,689,31,2,2700.0,20.6,2500.0
1331,690,4,1,2911.73,30.26,1620.58
1332,690,23,2,3998.97,31.73,2126.28
1333,691,20,2,1292.37,0.55,671.68
1334,692,31,3,2700.0,10.01,2500.0
1335,693,14,2,3101.56,12.49,1653.99
1336,693,7,2,3336.23,0.96,1975.36
1337,693,26,2,491.47,7.46,302.79
1338,694,31,2,2700.0,0.67,2500.0
1339,694,16,2,2352.78,11.02,1141.59
1340,694,26,1,491.47,5.41,302.79
1341,695,31,2,2700.0,1.28,2500.0
1342,695,25,3,1405.94,15.1,683.23
1343,696,7,2,3336.23,38.71,1975.36
1344,696,26,1,491.47,27.74,302.79
1345,696,31,3,2700.0,31.53,2500.0
1346,697,4,2,2911.73,10.78,1620.58
1347,697,29,3,2293.25,12.34,1316.03
1348,697,24,1,3013.98,2.94,1731.5
1349,697,25,3,1405.94,0.45,683.23
1350,698,30,2,2120.42,1.39,1542.79
1351,698,31,2,2700.0,16.1,2500.0
1352,698,24,2,3013.98,11.01,1731.5
1353,699,27,1,2259.37,15.97,1531.14
1354,700,26,1,491.47,0.25,302.79
1355,700,31,3,2700.0,1.9,2500.0
1356,701,3,1,3011.45,11.12,2079.85
1357,701,31,3,2700.0,1.15,2500.0
1358,701,6,2,4524.34,6.27,2423.6
1359,702,6,2,4524.34,41.41,2423.6
1360,702,17,2,1223.23,35.46,641.7
1361,702,16,3,2352.78,38.58,1141.59
1362,702,31,1,2700.0,37.93,2500.0
1363,703,3,3,3011.45,12.73,2079.85
1364,703,18,1,5069.09,10.62,2768.25
1365,704,21,1,2309.06,28.76,1257.12
1366,704,31,2,2700.0,28.76,2500.0
1367,705,22,3,1824.54,11.43,1243.57
1368,707,6,3,4524.34,33.27,2423.6
1369,708,30,1,2120.42,1.87,1542.79
1370,708,31,2,2700.0,11.25,2500.0
1371,709,16,2,2352.78,20.4,1141.59
1372,709,8,1,4716.54,10.65,2251.56
1373,709,19,1,1579.21,2.3,1042.58
1374,709,26,3,491.47,11.06,302.79
1375,710,7,3,3336.23,11.51,1975.36
1376,710,15,2,2079.21,17.27,1257.62
1377,711,22,2,1824.54,2.05,1243.57
1378,711,31,3,2700.0,12.92,2500.0
1379,712,27,1,2259.37,11.83,1531.14
1380,712,31,3,2700.0,17.05,2500.0
1381,713,13,1,903.79,16.11,474.77
1382,713,12,2,1088.03,5.97,682.84
1383,714,16,3,2352.78,17.97,1141.59
1384,714,30,3,2120.42,2.41,1542.79
1385,714,11,1,3625.98,17.17,1795.44
1386,715,25,1,1405.94,12.87,683.23
1387,715,8,3,4716.54,22.14,2251.56
1388,715,4,2,2911.73,12.48,1620.58
1389,716,29,2,2293.25,0.31,1316.03
1390,716,8,3,4716.54,1.1,2251.56
1391,716,10,1,1456.11,15.63,736.49
1392,716,31,3,2700.0,1.37,2500.0
1393,717,29,2,2293.25,17.1,1316.03
1394,717,3,1,3011.45,1.57,2079.85
1395,718,20,3,1292.37,1.7,671.68
1396,718,29,3,2293.25,5.46,1316.03
1397,719,17,3,1223.23,28.87,641.7
1398,719,20,1,1292.37,34.93,671.68
1399,720,11,2,3625.98,1.76,1795.44
1400,721,25,1,1405.94,36.37,683.23
1401,722,18,3,5069.09,1.95,2768.25
1402,723,13,2,903.79,1.2,474.77
1403,723,31,2,2700.0,20.2,2500.0
1404,723,6,1,4524.34,16.7,2423.6
1405,724,16,1,2352.78,15.53,1141.59
1406,725,5,1,3775.0,20.91,1745.57
1407,726,7,3,3336.23,0.96,1975.36
1408,726,13,2,903.79,1.33,474.77
1409,727,28,1,5083.77,17.33,2896.91
1410,727,30,1,2120.42,7.26,1542.79
1411,728,31,3,2700.0,7.85,2500.0
1412,729,29,1,2293.25,1.46,1316.03
1413,730,31,2,2700.0,5.28,2500.0
1414,731,13,1,903.79,5.64,474.77
1415,731,21,3,2309.06,15.31,1257.12
1416,731,14,3,3101.56,0.97,1653.99
1417,732,21,3,2309.06,16.96,1257.12
1418,732,18,1,5069.09,6.42,2768.25
1419,732,20,2,1292.37,0.92,671.68
1420,733,26,2,491.47,2.29,302.79
1421,733,27,2,2259.37,2.92,1531.14
1422,734,17,2,1223.23,10.07,641.7
1423,735,14,3,3101.56,21.32,1653.99
1424,735,5,1,3775.0,0.98,1745.57
1425,735,31,1,2700.0,12.06,2500.0
1426,736,4,1,2911.73,1.92,1620.58
1427,736,24,2,3013.98,5.33,1731.5
1428,736,31,3,2700.0,0.97,2500.0
1429,737,13,3,903.79,1.31,474.77
1430,737,17,3,1223.23,22.45,641.7
1431,737,9,1,3032.25,12.87,1837.78
1432,738,30,2,2120.42,10.6,1542.79
1433,738,17,2,1223.23,0.42,641.7
1434,739,31,3,2700.0,10.05,2500.0
1435,740,22,3,1824.54,2.2,1243.57
1436,740,8,3,4716.54,2.4,2251.56
1437,740,6,3,4524.34,16.83,2423.6
1438,741,10,3,1456.11,10.22,736.49
1439,741,22,2,1824.54,22.34,1243.57
1440,742,25,1,1405.94,0.68,683.23
1441,742,17,1,1223.23,11.6,641.7
1442,742,13,3,903.79,12.68,474.77
1443,743,7,1,3336.23,34.07,1975.36
1444,744,21,1,2309.06,36.19,1257.12
1445,745,14,2,3101.56,0.41,1653.99
1446,745,29,1,2293.25,10.08,1316.03
1447,746,13,1,903.79,11.77,474.77
1448,746,31,1,2700.0,22.74,2500.0
1449,747,23,3,3998.97,11.25,2126.28
1450,748,8,2,4716.54,0.02,2251.56
1451,748,26,1,491.47,11.08,302.79
1452,749,6,3,4524.34,12.63,2423.6
1453,749,31,2,2700.0,10.14,2500.0
1454,750,9,3,3032.25,32.99,1837.78
1455,751,24,3,3013.98,12.47,1731.5
1456,751,12,3,1088.03,2.23,682.84
1457,751,8,1,4716.54,1.49,2251.56
1458,752,2,1,344.87,10.09,214.37
1459,752,10,2,1456.11,1.62,736.49
1460,753,15,1,2079.21,32.14,1257.62
1461,754,29,1,2293.25,0.93,1316.03
1462,754,17,1,1223.23,11.97,641.7
1463,755,13,1,903.79,6.54,474.77
1464,755,10,1,1456.11,2.23,736.49
1465,755,19,3,1579.21,0.75,1042.58
1466,755,20,2,1292.37,17.01,671.68
1467,756,10,3,1456.11,2.24,736.49
1468,756,4,1,2911.73,0.04,1620.58
1469,757,31,2,2700.0,10.56,2500.0
1470,757,26,2,491.47,6.36,302.79
1471,758,22,1,1824.54,6.02,1243.57
1472,759,24,2,3013.98,2.89,1731.5
1473,759,31,1,2700.0,17.49,2500.0
1474,760,6,3,4524.34,1.19,2423.6
1475,761,23,3,3998.97,35.22,2126.28
1476,762,31,1,2700.0,2.04,2500.0
1477,762,15,3,2079.21,1.62,1257.62
1478,763,26,2,491.47,12.7,302.79
1479,764,20,1,1292.37,0.75,671.68
1480,765,5,1,3775.0,10.42,1745.57
1481,765,11,1,3625.98,12.36,1795.44
1482,765,26,3,491.47,5.75,302.79
1483,766,8,3,4716.54,0.62,2251.56
1484,767,31,2,2700.0,20.31,2500.0
1485,767,29,2,2293.25,1.62,1316.03
1486,767,10,1,1456.11,12.63,736.49
1487,768,11,3,3625.98,17.28,1795.44
1488,768,7,1,3336.23,10.72,1975.36
1489,768,28,2,5083.77,1.91,2896.91
1490,769,27,3,2259.37,7.95,1531.14
1491,769,31,1,2700.0,15.73,2500.0
1492,769,28,3,5083.77,5.31,2896.91
1493,770,7,3,3336.23,1.73,1975.36
1494,770,31,1,2700.0,11.74,2500.0
1495,770,27,2,2259.37,1.04,1531.14
1496,770,30,3,2120.42,20.11,1542.79
1497,771,2,3,344.87,10.3,214.37
1498,772,23,2,3998.97,5.83,2126.28
1499,772,21,2,2309.06,7.31,1257.12
1500,773,26,2,491.47,2.53,302.79
1501,773,22,2,1824.54,22.22,1243.57
1502,773,15,2,2079.21,5.3,1257.62
1503,774,29,2,2293.25,2.88,1316.03
1504,775,19,3,1579.21,20.53,1042.58
1505,775,5,1,3775.0,0.27,1745.57
1506,776,23,2,3998.97,2.76,2126.28
1507,776,31,3,2700.0,6.84,2500.0
1508,776,21,1,2309.06,17.48,1257.12
1509,776,10,3,1456.11,5.08,736.49
1510,777,14,1,3101.56,0.89,1653.99
1511,777,31,2,2700.0,11.67,2500.0
1512,778,25,3,1405.94,7.12,683.23
1513,778,17,2,1223.23,11.09,641.7
1514,779,9,2,3032.25,7.39,1837.78
1515,780,21,1,2309.06,38.72,1257.12
1516,780,23,3,3998.97,36.94,2126.28
1517,780,15,2,2079.21,29.58,1257.62
1518,780,30,3,2120.42,32.44,1542.79
1519,781,4,2,2911.73,17.6,1620.58
1520,782,18,3,5069.09,7.84,2768.25
1521,783,9,2,3032.25,6.99,1837.78
1522,783,20,2,1292.37,6.71,671.68
1523,784,1,3,457.62,2.14,341.45
1524,784,8,1,4716.54,1.59,2251.56
1525,784,13,1,903.79,2.51,474.77
1526,784,31,2,2700.0,1.0,2500.0
1527,785,27,2,2259.37,15.42,1531.14
1528,785,7,2,3336.23,10.53,1975.36
1529,785,17,2,1223.23,0.55,641.7
1530,785,15,2,2079.21,1.02,1257.62
1531,786,4,3,2911.73,2.05,1620.58
1532,787,31,2,2700.0,30.21,2500.0
1533,789,24,3,3013.98,2.67,1731.5
1534,789,12,3,1088.03,2.44,682.84
1535,789,3,3,3011.45,2.42,2079.85
1536,789,19,1,1579.21,12.05,1042.58
1537,790,22,2,1824.54,40.79,1243.57
1538,791,22,1,1824.54,10.42,1243.57
1539,791,26,1,491.47,10.18,302.79
1540,791,31,3,2700.0,2.54,2500.0
1541,792,13,2,903.79,10.41,474.77
1542,792,19,3,1579.21,11.21,1042.58
1543,793,31,3,2700.0,16.83,2500.0
1544,793,19,3,1579.21,1.58,1042.58
1545,794,12,3,1088.03,12.22,682.84
1546,794,4,2,2911.73,10.56,1620.58
1547,795,3,1,3011.45,1.37,2079.85
1548,797,8,2,4716.54,2.71,2251.56
1549,798,26,1,491.47,0.43,302.79
1550,799,20,1,1292.37,6.23,671.68
1551,799,31,2,2700.0,10.83,2500.0
1552,800,31,2,2700.0,1.99,2500.0
1553,800,8,1,4716.54,2.71,2251.56
1554,801,31,3,2700.0,7.87,2500.0
1555,801,26,2,491.47,20.86,302.79
1556,802,13,1,903.79,22.54,474.77
1557,803,25,1,1405.94,2.29,683.23
1558,804,10,2,1456.11,1.99,736.49
1559,804,13,1,903.79,10.13,474.77
1560,805,13,3,903.79,25.96,474.77
1561,806,13,2,903.79,36.19,474.77
1562,807,19,3,1579.21,0.43,1042.58
1563,808,2,3,344.87,2.17,214.37
1564,809,1,2,457.62,1.69,341.45
1565,810,5,1,3775.0,17.81,1745.57
1566,811,16,3,2352.78,16.84,1141.59
1567,811,30,2,2120.42,1.36,1542.79
1568,811,15,1,2079.21,6.91,1257.62
1569,812,28,2,5083.77,0.13,2896.91
1570,812,15,2,2079.21,2.52,1257.62
1571,813,25,2,1405.94,11.01,683.23
1572,813,9,3,3032.25,20.62,1837.78
1573,813,13,3,903.79,7.84,474.77
1574,813,24,2,3013.98,22.59,1731.5
1575,814,31,1,2700.0,21.96,2500.0
1576,815,11,3,3625.98,12.81,1795.44
1577,816,12,2,1088.03,41.72,682.84
1578,816,10,3,1456.11,31.83,736.49
1579,816,13,1,903.79,31.99,474.77
1580,816,9,2,3032.25,30.38,1837.78
1581,817,31,1,2700.0,0.99,2500.0
1582,818,31,1,2700.0,7.52,2500.0
1583,818,21,3,2309.06,16.43,1257.12
1584,818,19,2,1579.21,2.41,1042.58
1585,819,31,3,2700.0,41.72,2500.0
1586,820,7,1,3336.23,2.64,1975.36
1587,821,24,2,3013.98,1.34,1731.5
1588,822,6,2,4524.34,0.53,2423.6
1589,822,26,1,491.47,2.98,302.79
1590,823,6,2,4524.34,15.05,2423.6
1591,823,27,1,2259.37,12.55,1531.14
1592,824,11,1,3625.98,7.1,1795.44
1593,824,28,2,5083.77,0.82,2896.91
1594,825,9,3,3032.25,2.2,1837.78
1595,825,31,2,2700.0,7.71,2500.0
1596,826,25,2,1405.94,12.41,683.23
1597,826,28,2,5083.77,10.4,2896.91
1598,826,17,3,1223.23,6.47,641.7
1599,826,29,3,2293.25,2.42,1316.03
1600,827,12,2,1088.03,0.46,682.84
1601,828,31,2,2700.0,0.47,2500.0
1602,828,30,3,2120.42,12.36,1542.79
1603,829,6,1,4524.34,32.36,2423.6
1604,830,31,2,2700.0,20.58,2500.0
1605,830,12,2,1088.03,7.19,682.84
1606,830,4,2,2911.73,1.52,1620.58
1607,831,13,3,903.79,27.11,474.77
1608,832,15,1,2079.21,11.91,1257.62
1609,832,27,3,2259.37,5.65,1531.14
1610,833,17,2,1223.23,0.19,641.7
1611,834,28,1,5083.77,15.04,2896.91
1612,835,5,3,3775.0,7.18,1745.57
1613,835,23,3,3998.97,16.11,2126.28
1614,836,11,1,3625.98,11.23,1795.44
1615,836,21,2,2309.06,17.61,1257.12
1616,836,10,1,1456.11,11.26,736.49
1617,836,31,1,2700.0,11.14,2500.0
1618,837,31,1,2700.0,28.69,2500.0
1619,838,2,2,344.87,10.47,214.37
1620,838,18,1,5069.09,6.46,2768.25
1621,839,4,2,2911.73,0.2,1620.58
1622,841,22,3,1824.54,7.05,1243.57
1623,841,8,3,4716.54,1.59,2251.56
1624,842,31,1,2700.0,1.34,2500.0
1625,842,14,2,3101.56,7.73,1653.99
1626,843,22,3,1824.54,7.71,1243.57
1627,843,15,3,2079.21,7.44,1257.62
1628,844,7,2,3336.23,1.87,1975.36
1629,845,29,2,2293.25,7.37,1316.03
1630,845,10,2,1456.11,1.42,736.49
1631,845,1,2,457.62,12.47,341.45
1632,846,13,3,903.79,7.87,474.77
1633,846,8,2,4716.54,2.21,2251.56
1634,847,1,2,457.62,5.61,341.45
1635,847,2,3,344.87,10.24,214.37
1636,847,10,2,1456.11,11.67,736.49
1637,847,21,1,2309.06,6.37,1257.12
1638,848,31,1,2700.0,0.16,2500.0
1639,848,21,3,2309.06,11.65,1257.12
1640,849,31,3,2700.0,1.93,2500.0
1641,849,3,3,3011.45,2.17,2079.85
1642,850,31,1,2700.0,33.89,2500.0
1643,851,27,2,2259.37,1.48,1531.14
1644,852,14,2,3101.56,0.35,1653.99
1645,852,17,1,1223.23,5.17,641.7
1646,852,2,1,344.87,6.44,214.37
1647,853,21,2,2309.06,10.06,1257.12
1648,854,27,3,2259.37,0.12,1531.14
1649,854,14,1,3101.56,15.02,1653.99
1650,854,24,3,3013.98,1.19,1731.5
1651,854,31,1,2700.0,5.8,2500.0
1652,855,13,2,903.79,6.18,474.77
1653,855,29,1,2293.25,16.81,1316.03
1654,856,31,1,2700.0,5.6,2500.0
1655,857,20,2,1292.37,15.16,671.68
1656,858,20,1,1292.37,7.49,671.68
1657,859,30,2,2120.42,2.76,1542.79
1658,859,19,3,1579.21,5.23,1042.58
1659,860,18,1,5069.09,6.34,2768.25
1660,861,13,2,903.79,37.61,474.77
1661,861,18,2,5069.09,36.11,2768.25
1662,862,14,1,3101.56,2.64,1653.99
1663,863,30,3,2120.42,36.81,1542.79
1664,864,10,1,1456.11,1.19,736.49
1665,864,3,2,3011.45,12.49,2079.85
1666,864,1,3,457.62,1.97,341.45
1667,865,18,1,5069.09,7.89,2768.25
1668,865,29,1,2293.25,2.62,1316.03
1669,865,28,3,5083.77,17.38,2896.91
1670,865,4,2,2911.73,10.27,1620.58
1671,866,24,3,3013.98,21.62,1731.5
1672,867,19,1,1579.21,17.03,1042.58
1673,867,28,1,5083.77,7.65,2896.91
1674,868,11,1,3625.98,11.52,1795.44
1675,868,10,3,1456.11,11.62,736.49
1676,869,26,1,491.47,39.0,302.79
1677,870,31,3,2700.0,2.22,2500.0
1678,870,22,2,1824.54,0.98,1243.57
1679,870,24,3,3013.98,11.57,1731.5
1680,871,7,1,3336.23,15.47,1975.36
1681,871,13,3,903.79,2.68,474.77
1682,871,5,3,3775.0,5.73,1745.57
1683,872,31,1,2700.0,0.05,2500.0
1684,872,14,1,3101.56,0.2,1653.99
1685,872,8,2,4716.54,11.98,2251.56
1686,873,28,3,5083.77,16.91,2896.91
1687,874,31,2,2700.0,22.31,2500.0
1688,876,31,1,2700.0,1.36,2500.0
1689,876,16,3,2352.78,15.1,1141.59
1690,876,29,1,2293.25,10.28,1316.03
1691,877,29,1,2293.25,33.54,1316.03
1692,878,4,2,2911.73,2.09,1620.58
1693,878,29,2,2293.25,0.12,1316.03
1694,879,31,1,2700.0,6.45,2500.0
1695,879,25,3,1405.94,2.32,683.23
1696,879,22,3,1824.54,15.69,1243.57
1697,880,31,3,2700.0,1.31,2500.0
1698,881,24,3,3013.98,20.32,1731.5
1699,881,18,2,5069.09,22.11,2768.25
1700,881,31,1,2700.0,7.63,2500.0
1701,882,9,1,3032.25,0.49,1837.78
1702,882,13,2,903.79,21.12,474.77
1703,882,5,3,3775.0,1.75,1745.57
1704,883,26,1,491.47,10.18,302.79
1705,884,1,2,457.62,0.96,341.45
1706,884,31,1,2700.0,6.99,2500.0
1707,885,5,1,3775.0,2.57,1745.57
1708,886,16,3,2352.78,12.52,1141.59
1709,887,3,2,3011.45,10.08,2079.85
1710,889,5,2,3775.0,35.2,1745.57
1711,889,6,3,4524.34,40.16,2423.6
1712,889,31,3,2700.0,25.68,2500.0
1713,890,22,2,1824.54,21.82,1243.57
1714,890,31,3,2700.0,16.16,2500.0
1715,890,9,2,3032.25,10.27,1837.78
1716,891,19,3,1579.21,20.68,1042.58
1717,891,21,1,2309.06,6.05,1257.12
1718,892,17,3,1223.23,12.01,641.7
1719,892,9,3,3032.25,5.57,1837.78
1720,892,21,1,2309.06,16.75,1257.12
1721,892,31,3,2700.0,6.92,2500.0
1722,893,26,2,491.47,7.8,302.79
1723,893,22,1,1824.54,6.82,1243.57
1724,894,31,1,2700.0,7.78,2500.0
1725,894,18,3,5069.09,10.6,2768.25
1726,895,31,2,2700.0,10.94,2500.0
1727,896,31,3,2700.0,5.38,2500.0
1728,897,1,1,457.62,12.93,341.45
1729,897,19,2,1579.21,5.69,1042.58
1730,897,18,3,5069.09,12.52,2768.25
1731,897,31,3,2700.0,12.29,2500.0
1732,898,31,1,2700.0,1.71,2500.0
1733,898,18,2,5069.09,0.29,2768.25
1734,898,15,1,2079.21,16.83,1257.62
1735,899,20,2,1292.37,11.34,671.68
1736,900,10,3,1456.11,12.55,736.49
1737,900,2,3,344.87,5.62,214.37
1738,900,28,3,5083.77,10.97,2896.91
1739,900,25,2,1405.94,6.12,683.23
1740,901,26,1,491.47,5.94,302.79
1741,901,16,3,2352.78,7.7,1141.59
1742,901,31,1,2700.0,6.94,2500.0
1743,902,2,2,344.87,12.17,214.37
1744,902,6,2,4524.34,6.04,2423.6
1745,903,31,3,2700.0,21.8,2500.0
1746,904,6,3,4524.34,0.28,2423.6
1747,905,29,1,2293.25,5.42,1316.03
1748,905,12,1,1088.03,10.93,682.84
1749,905,15,1,2079.21,1.72,1257.62
1750,906,11,1,3625.98,25.29,1795.44
1751,906,5,1,3775.0,38.14,1745.57
1752,907,24,3,3013.98,28.04,1731.5
1753,907,12,1,1088.03,38.38,682.84
1754,908,4,2,2911.73,27.29,1620.58
1755,909,24,3,3013.98,6.39,1731.5
1756,910,3,1,3011.45,41.71,2079.85
1757,910,31,2,2700.0,32.83,2500.0
1758,910,26,3,491.47,34.2,302.79
1759,911,26,2,491.47,22.81,302.79
1760,911,31,2,2700.0,2.41,2500.0
1761,911,24,2,3013.98,1.81,1731.5
1762,911,25,2,1405.94,10.07,683.23
1763,912,10,2,1456.11,1.95,736.49
1764,912,16,1,2352.78,2.7,1141.59
1765,913,24,1,3013.98,15.39,1731.5
1766,913,16,1,2352.78,0.89,1141.59
1767,914,5,3,3775.0,6.06,1745.57
1768,914,31,1,2700.0,15.2,2500.0
1769,914,20,3,1292.37,0.03,671.68
1770,915,29,2,2293.25,12.4,1316.03
1771,915,21,2,2309.06,10.15,1257.12
1772,916,3,3,3011.45,22.19,2079.85
1773,916,5,1,3775.0,10.99,1745.57
1774,917,31,1,2700.0,1.85,2500.0
1775,918,9,1,3032.25,11.71,1837.78
1776,919,14,1,3101.56,41.85,1653.99
1777,919,31,1,2700.0,29.51,2500.0
1778,919,5,1,3775.0,32.96,1745.57
1779,920,22,3,1824.54,12.55,1243.57
1780,920,17,3,1223.23,21.64,641.7
1781,920,21,3,2309.06,2.0,1257.12
1782,921,28,2,5083.77,5.98,2896.91
1783,922,31,3,2700.0,7.41,2500.0
1784,922,10,3,1456.11,7.53,736.49
1785,924,31,3,2700.0,2.32,2500.0
1786,925,2,2,344.87,10.35,214.37
1787,926,11,2,3625.98,1.79,1795.44
1788,927,31,3,2700.0,0.45,2500.0
1789,928,31,1,2700.0,1.41,2500.0
1790,928,24,3,3013.98,12.0,1731.5
1791,929,6,1,4524.34,2.46,2423.6
1792,930,19,3,1579.21,39.23,1042.58
1793,931,17,1,1223.23,20.29,641.7
1794,931,19,1,1579.21,12.56,1042.58
1795,932,26,2,491.47,38.72,302.79
1796,933,10,3,1456.11,0.11,736.49
1797,934,31,3,2700.0,0.85,2500.0
1798,934,21,3,2309.06,7.16,1257.12
1799,935,20,3,1292.37,7.69,671.68
1800,935,24,1,3013.98,10.57,1731.5
1801,935,31,1,2700.0,6.17,2500.0
1802,935,30,3,2120.42,12.35,1542.79
1803,936,28,3,5083.77,12.87,2896.91
1804,936,12,1,1088.03,2.86,682.84
1805,936,22,1,1824.54,2.65,1243.57
1806,937,3,1,3011.45,12.13,2079.85
1807,937,24,2,3013.98,0.31,1731.5
1808,937,10,2,1456.11,20.82,736.49
1809,938,19,3,1579.21,15.13,1042.58
1810,939,15,2,2079.21,6.35,1257.62
1811,939,3,1,3011.45,6.18,2079.85
1812,940,1,2,457.62,2.88,341.45
1813,940,18,3,5069.09,22.82,2768.25
1814,941,14,3,3101.56,20.86,1653.99
1815,942,13,1,903.79,10.24,474.77
1816,942,31,1,2700.0,0.39,2500.0
1817,942,17,1,1223.23,7.02,641.7
1818,942,28,1,5083.77,1.08,2896.91
1819,943,5,1,3775.0,2.62,1745.57
1820,943,1,1,457.62,2.34,341.45
1821,943,18,1,5069.09,2.29,2768.25
1822,944,18,1,5069.09,12.37,2768.25
1823,944,25,1,1405.94,22.83,683.23
1824,945,31,2,2700.0,1.57,2500.0
1825,946,31,2,2700.0,10.31,2500.0
1826,946,26,1,491.47,0.57,302.79
1827,947,31,3,2700.0,7.5,2500.0
1828,947,30,2,2120.42,11.93,1542.79
1829,947,3,1,3011.45,15.56,2079.85
1830,948,27,3,2259.37,2.91,1531.14
1831,948,6,1,4524.34,1.78,2423.6
1832,949,22,1,1824.54,2.36,1243.57
1833,949,16,2,2352.78,22.47,1141.59
1834,950,9,3,3032.25,7.45,1837.78
1835,950,18,2,5069.09,12.94,2768.25
1836,951,27,1,2259.37,2.94,1531.14
1837,951,6,1,4524.34,21.81,2423.6
1838,952,21,1,2309.06,1.73,1257.12
1839,952,6,1,4524.34,0.83,2423.6
1840,953,20,3,1292.37,5.3,671.68
1841,953,3,2,3011.45,10.28,2079.85
1842,953,4,1,2911.73,0.28,1620.58
1843,954,24,2,3013.98,20.32,1731.5
1844,955,7,3,3336.23,1.41,1975.36
1845,956,27,1,2259.37,36.58,1531.14
1846,956,13,2,903.79,34.31,474.77
1847,956,31,1,2700.0,35.43,2500.0
1848,957,19,2,1579.21,6.85,1042.58
1849,957,27,2,2259.37,15.0,1531.14
1850,957,31,3,2700.0,7.24,2500.0
1851,958,16,1,2352.78,37.09,1141.59
1852,958,5,3,3775.0,31.71,1745.57
1853,958,18,1,5069.09,34.77,2768.25
1854,959,22,1,1824.54,15.43,1243.57
1855,960,29,3,2293.25,7.57,1316.03
1856,961,16,2,2352.78,17.85,1141.59
1857,962,4,1,2911.73,16.57,1620.58
1858,962,8,2,4716.54,0.85,2251.56
1859,963,31,2,2700.0,10.91,2500.0
1860,963,13,3,903.79,7.52,474.77
1861,963,18,1,5069.09,15.66,2768.25
1862,964,10,1,1456.11,7.16,736.49
1863,965,26,1,491.47,1.7,302.79
1864,967,21,3,2309.06,21.26,1257.12
1865,968,31,2,2700.0,10.75,2500.0
1866,969,23,1,3998.97,11.42,2126.28
1867,969,16,2,2352.78,2.57,1141.59
1868,970,31,3,2700.0,0.69,2500.0
1869,970,14,2,3101.56,11.6,1653.99
1870,970,7,3,3336.23,21.32,1975.36
1871,971,31,1,2700.0,10.36,2500.0
1872,972,8,1,4716.54,7.37,2251.56
1873,972,16,1,2352.78,17.07,1141.59
1874,973,31,2,2700.0,38.89,2500.0
1875,973,27,2,2259.37,26.7,1531.14
1876,973,15,3,2079.21,29.72,1257.62
1877,973,23,2,3998.97,37.81,2126.28
1878,974,2,3,344.87,29.68,214.37
1879,975,13,1,903.79,28.36,474.77
1880,976,9,1,3032.25,2.18,1837.78
1881,976,24,3,3013.98,7.5,1731.5
1882,977,1,1,457.62,31.37,341.45
1883,978,31,1,2700.0,28.6,2500.0
1884,979,11,2,3625.98,22.14,1795.44
1885,980,14,2,3101.56,10.52,1653.99
1886,980,29,2,2293.25,10.78,1316.03
1887,980,2,1,344.87,10.89,214.37
1888,981,9,1,3032.25,7.21,1837.78
1889,982,9,1,3032.25,20.54,1837.78
1890,983,16,3,2352.78,20.25,1141.59
1891,983,6,2,4524.34,6.0,2423.6
1892,983,31,1,2700.0,1.28,2500.0
1893,984,31,1,2700.0,35.62,2500.0
1894,984,6,3,4524.34,37.92,2423.6
1895,984,18,2,5069.09,25.51,2768.25
1896,985,31,3,2700.0,0.25,2500.0
1897,985,6,1,4524.34,6.44,2423.6
1898,985,29,3,2293.25,10.17,1316.03
1899,986,8,3,4716.54,7.26,2251.56
1900,986,6,3,4524.34,1.8,2423.6
1901,987,5,1,3775.0,2.47,1745.57
1902,987,3,2,3011.45,11.41,2079.85
1903,987,30,1,2120.42,1.8,1542.79
1904,988,6,2,4524.34,20.83,2423.6
1905,988,31,2,2700.0,0.71,2500.0
1906,989,4,2,2911.73,7.46,1620.58
1907,989,25,3,1405.94,1.66,683.23
1908,990,30,3,2120.42,12.36,1542.79
1909,991,4,1,2911.73,39.71,1620.58
1910,992,31,3,2700.0,7.89,2500.0
1911,992,16,3,2352.78,6.13,1141.59
1912,993,31,2,2700.0,7.18,2500.0
1913,994,9,2,3032.25,21.29,1837.78
1914,994,31,2,2700.0,1.39,2500.0
1915,995,31,2,2700.0,7.6,2500.0
1916,996,12,2,1088.03,7.88,682.84
1917,996,2,3,344.87,1.41,214.37
1918,997,2,1,344.87,1.11,214.37
1919,998,30,3,2120.42,39.14,1542.79
1920,998,31,3,2700.0,30.78,2500.0
1921,998,4,2,2911.73,29.06,1620.58
1922,998,14,2,3101.56,28.3,1653.99
1923,999,31,3,2700.0,7.42,2500.0
1924,999,6,1,4524.34,16.58,2423.6
1925,999,8,3,4716.54,1.82,2251.56
1926,1000,21,1,2309.06,2.65,1257.12
1927,1001,21,2,2309.06,1.39,1257.12
1928,1001,27,3,2259.37,22.68,1531.14
1929,1001,31,1,2700.0,7.46,2500.0
1930,1003,19,3,1579.21,2.88,1042.58
1931,1004,23,1,3998.97,0.23,2126.28
1932,1005,19,1,1579.21,20.88,1042.58
1933,1005,2,3,344.87,2.27,214.37
1934,1005,11,3,3625.98,2.82,1795.44
1935,1006,22,2,1824.54,26.3,1243.57
1936,1006,3,3,3011.45,37.68,2079.85
1937,1007,3,2,3011.45,2.33,2079.85
1938,1007,28,2,5083.77,1.56,2896.91
1939,1008,13,1,903.79,22.65,474.77
1940,1009,30,1,2120.42,12.82,1542.79
1941,1010,23,1,3998.97,11.53,2126.28
1942,1010,7,2,3336.23,16.27,1975.36
1943,1011,19,3,1579.21,41.37,1042.58
1944,1011,31,2,2700.0,40.24,2500.0
1945,1012,31,1,2700.0,5.7,2500.0
1946,1013,2,3,344.87,1.52,214.37
1947,1013,5,2,3775.0,6.72,1745.57
1948,1013,29,2,2293.25,1.21,1316.03
1949,1013,27,3,2259.37,12.61,1531.14
1950,1014,30,1,2120.42,20.89,1542.79
1951,1014,24,3,3013.98,11.91,1731.5
1952,1014,10,2,1456.11,0.88,736.49
1953,1015,13,1,903.79,2.52,474.77
1954,1016,4,2,2911.73,2.97,1620.58
1955,1016,26,3,491.47,1.37,302.79
1956,1017,20,3,1292.37,6.56,671.68
1957,1018,16,3,2352.78,1.97,1141.59
1958,1018,2,2,344.87,2.69,214.37
1959,1018,8,1,4716.54,11.02,2251.56
1960,1019,31,3,2700.0,29.52,2500.0
1961,1019,25,3,1405.94,31.43,683.23
1962,1019,5,1,3775.0,25.25,1745.57
1963,1019,28,1,5083.77,36.42,2896.91
1964,1020,8,2,4716.54,39.34,2251.56
1965,1020,26,3,491.47,27.53,302.79
1966,1021,2,1,344.87,17.26,214.37
1967,1021,31,3,2700.0,21.3,2500.0
1968,1021,25,1,1405.94,0.35,683.23
1969,1022,22,1,1824.54,2.84,1243.57
1970,1022,4,3,2911.73,5.24,1620.58
1971,1022,5,3,3775.0,10.16,1745.57
1972,1022,12,3,1088.03,20.59,682.84
1973,1023,31,3,2700.0,10.66,2500.0
1974,1023,2,2,344.87,16.33,214.37
1975,1023,11,1,3625.98,17.66,1795.44
1976,1023,27,3,2259.37,1.79,1531.14
1977,1024,31,2,2700.0,2.95,2500.0
1978,1024,5,2,3775.0,1.19,1745.57
1979,1024,17,1,1223.23,5.6,641.7
1980,1024,6,1,4524.34,11.07,2423.6
1981,1025,6,2,4524.34,0.61,2423.6
1982,1026,31,1,2700.0,7.25,2500.0
1983,1027,23,2,3998.97,0.57,2126.28
1984,1027,19,2,1579.21,6.78,1042.58
1985,1028,31,2,2700.0,30.0,2500.0
1986,1029,16,2,2352.78,7.05,1141.59
1987,1029,26,2,491.47,20.32,302.79
1988,1030,31,1,2700.0,0.04,2500.0
1989,1031,27,1,2259.37,34.73,1531.14
1990,1032,28,1,5083.77,20.73,2896.91
1991,1032,31,3,2700.0,1.63,2500.0
1992,1033,29,3,2293.25,1.48,1316.03
1993,1034,4,2,2911.73,15.71,1620.58
1994,1034,10,1,1456.11,12.29,736.49
1995,1035,23,2,3998.97,36.46,2126.28
1996,1036,31,2,2700.0,22.97,2500.0
1997,1036,17,2,1223.23,2.2,641.7
1998,1037,26,2,491.47,37.83,302.79
1999,1038,19,3,1579.21,2.86,1042.58
2000,1038,31,1,2700.0,12.4,2500.0
2001,1038,15,3,2079.21,21.3,1257.62
2002,1039,31,3,2700.0,12.54,2500.0
2003,1039,5,3,3775.0,0.85,1745.57
2004,1039,3,3,3011.45,15.27,2079.85
2005,1040,13,3,903.79,0.08,474.77
2006,1040,18,2,5069.09,2.89,2768.25
2007,1041,10,3,1456.11,11.52,736.49
2008,1041,9,2,3032.25,21.73,1837.78
2009,1042,1,2,457.62,2.05,341.45
2010,1042,24,1,3013.98,7.65,1731.5
2011,1043,30,3,2120.42,0.09,1542.79
2012,1043,31,2,2700.0,20.53,2500.0
2013,1043,24,2,3013.98,5.55,1731.5
2014,1044,19,1,1579.21,6.9,1042.58
2015,1044,31,3,2700.0,7.37,2500.0
2016,1045,11,2,3625.98,2.05,1795.44
2017,1046,31,1,2700.0,40.54,2500.0
2018,1046,11,3,3625.98,27.92,1795.44
2019,1046,15,3,2079.21,28.78,1257.62
2020,1046,24,1,3013.98,28.8,1731.5
2021,1047,2,3,344.87,16.56,214.37
2022,1047,21,1,2309.06,12.27,1257.12
2023,1048,8,3,4716.54,22.47,2251.56
2024,1049,31,1,2700.0,22.5,2500.0
2025,1049,16,2,2352.78,0.26,1141.59
2026,1050,31,2,2700.0,5.32,2500.0
2027,1050,24,3,3013.98,7.45,1731.5
2028,1051,3,1,3011.45,7.86,2079.85
2029,1051,31,3,2700.0,0.85,2500.0
2030,1053,9,2,3032.25,0.82,1837.78
2031,1053,31,3,2700.0,21.67,2500.0
2032,1053,26,1,491.47,2.81,302.79
2033,1054,29,3,2293.25,15.84,1316.03
2034,1054,9,2,3032.25,11.53,1837.78
2035,1054,18,3,5069.09,12.2,2768.25
2036,1055,31,3,2700.0,2.9,2500.0
2037,1055,28,2,5083.77,0.41,2896.91
2038,1056,15,3,2079.21,5.22,1257.62
2039,1056,8,2,4716.54,10.21,2251.56
2040,1057,28,3,5083.77,2.05,2896.91
2041,1058,25,3,1405.94,15.43,683.23
2042,1058,15,2,2079.21,17.7,1257.62
2043,1058,19,3,1579.21,10.45,1042.58
2044,1059,24,2,3013.98,28.56,1731.5
2045,1059,12,3,1088.03,34.24,682.84
2046,1059,9,1,3032.25,39.22,1837.78
2047,1060,31,2,2700.0,0.18,2500.0
2048,1060,6,3,4524.34,6.25,2423.6
2049,1060,14,3,3101.56,21.39,1653.99
2050,1061,31,1,2700.0,11.44,2500.0
2051,1061,24,3,3013.98,6.45,1731.5
2052,1062,31,1,2700.0,33.69,2500.0
2053,1062,30,2,2120.42,40.29,1542.79
2054,1063,12,3,1088.03,17.88,682.84
2055,1064,13,2,903.79,7.78,474.77
2056,1064,12,1,1088.03,10.55,682.84
2057,1065,21,3,2309.06,1.92,1257.12
2058,1065,10,1,1456.11,0.98,736.49
2059,1065,16,3,2352.78,20.61,1141.59
2060,1065,20,2,1292.37,10.37,671.68
2061,1066,19,1,1579.21,1.71,1042.58
2062,1067,8,1,4716.54,16.81,2251.56
2063,1067,29,1,2293.25,1.71,1316.03
2064,1067,11,1,3625.98,10.74,1795.44
2065,1068,31,2,2700.0,10.41,2500.0
2066,1068,10,1,1456.11,0.4,736.49
2067,1068,4,3,2911.73,5.52,1620.58
2068,1069,30,3,2120.42,21.52,1542.79
2069,1069,23,3,3998.97,7.08,2126.28
2070,1069,24,3,3013.98,21.07,1731.5
2071,1070,31,2,2700.0,7.77,2500.0
2072,1071,31,1,2700.0,12.51,2500.0
2073,1072,23,3,3998.97,0.28,2126.28
2074,1072,18,3,5069.09,20.58,2768.25
2075,1072,13,1,903.79,12.98,474.77
2076,1072,31,3,2700.0,15.28,2500.0
2077,1073,31,1,2700.0,27.01,2500.0
2078,1074,31,3,2700.0,0.35,2500.0
2079,1075,31,3,2700.0,1.34,2500.0
2080,1076,16,1,2352.78,5.11,1141.59
2081,1076,28,2,5083.77,10.63,2896.91
2082,1076,31,1,2700.0,16.95,2500.0
2083,1077,19,1,1579.21,0.27,1042.58
2084,1078,1,3,457.62,12.95,341.45
2085,1079,13,3,903.79,12.98,474.77
2086,1080,14,3,3101.56,10.38,1653.99
2087,1080,7,1,3336.23,15.36,1975.36
2088,1080,28,2,5083.77,20.98,2896.91
2089,1081,17,1,1223.23,0.08,641.7
2090,1082,31,1,2700.0,21.48,2500.0
2091,1083,28,2,5083.77,1.24,2896.91
2092,1083,31,2,2700.0,21.95,2500.0
2093,1083,22,2,1824.54,7.86,1243.57
2094,1084,3,1,3011.45,0.37,2079.85
2095,1084,26,2,491.47,16.11,302.79
2096,1084,20,3,1292.37,1.11,671.68
2097,1084,23,2,3998.97,6.28,2126.28
2098,1085,31,2,2700.0,16.3,2500.0
2099,1087,15,1,2079.21,16.2,1257.62
2100,1087,6,2,4524.34,1.27,2423.6
2101,1087,31,1,2700.0,20.29,2500.0
2102,1087,24,2,3013.98,0.44,1731.5
2103,1088,13,3,903.79,1.23,474.77
2104,1089,6,1,4524.34,6.08,2423.6
2105,1089,18,2,5069.09,5.6,2768.25
2106,1089,8,3,4716.54,5.07,2251.56
2107,1089,12,2,1088.03,22.58,682.84
2108,1090,17,2,1223.23,0.61,641.7
2109,1090,22,1,1824.54,6.82,1243.57
2110,1090,31,2,2700.0,7.51,2500.0
2111,1090,28,1,5083.77,1.06,2896.91
2112,1091,31,1,2700.0,6.21,2500.0
2113,1091,20,2,1292.37,2.27,671.68
2114,1092,8,2,4716.54,0.06,2251.56
2115,1092,16,3,2352.78,20.2,1141.59
2116,1093,5,2,3775.0,0.13,1745.57
2117,1094,26,3,491.47,22.97,302.79
2118,1094,5,1,3775.0,16.77,1745.57
2119,1095,31,2,2700.0,0.45,2500.0
2120,1095,4,2,2911.73,16.71,1620.58
2121,1096,19,3,1579.21,2.99,1042.58
2122,1097,31,2,2700.0,0.08,2500.0
2123,1098,31,1,2700.0,36.23,2500.0
2124,1098,17,1,1223.23,39.44,641.7
2125,1099,29,1,2293.25,0.25,1316.03
2126,1099,2,3,344.87,21.51,214.37
2127,1099,19,3,1579.21,20.09,1042.58
2128,1100,31,1,2700.0,17.84,2500.0
2129,1100,15,3,2079.21,17.92,1257.62
2130,1101,31,1,2700.0,6.62,2500.0
2131,1102,31,1,2700.0,6.14,2500.0
2132,1102,6,3,4524.34,2.8,2423.6
2133,1103,31,3,2700.0,11.74,2500.0
2134,1103,4,2,2911.73,1.77,1620.58
2135,1104,23,2,3998.97,1.48,2126.28
2136,1104,16,1,2352.78,15.85,1141.59
2137,1104,15,2,2079.21,11.06,1257.62
2138,1105,12,2,1088.03,2.65,682.84
2139,1105,19,3,1579.21,11.15,1042.58
2140,1105,17,3,1223.23,10.08,641.7
2141,1105,20,1,1292.37,1.33,671.68
2142,1106,31,2,2700.0,7.48,2500.0
2143,1107,31,3,2700.0,5.8,2500.0
2144,1108,31,2,2700.0,11.44,2500.0
2145,1109,6,2,4524.34,0.64,2423.6
2146,1109,16,2,2352.78,3.0,1141.59
2147,1109,27,1,2259.37,5.64,1531.14
2148,1110,3,2,3011.45,11.67,2079.85
2149,1111,24,2,3013.98,6.49,1731.5
2150,1112,3,1,3011.45,5.82,2079.85
2151,1112,27,2,2259.37,1.41,1531.14
2152,1113,3,3,3011.45,22.87,2079.85
2153,1114,29,2,2293.25,11.55,1316.03
2154,1115,25,2,1405.94,21.27,683.23
2155,1116,29,2,2293.25,21.14,1316.03
2156,1116,6,2,4524.34,11.77,2423.6
2157,1117,31,3,2700.0,0.18,2500.0
2158,1117,16,3,2352.78,12.67,1141.59
2159,1118,31,3,2700.0,0.68,2500.0
2160,1118,26,1,491.47,10.94,302.79
2161,1119,24,3,3013.98,25.95,1731.5
2162,1119,4,1,2911.73,35.1,1620.58
2163,1119,20,1,1292.37,30.08,671.68
2164,1120,25,3,1405.94,7.36,683.23
2165,1120,28,2,5083.77,16.23,2896.91
2166,1121,20,2,1292.37,12.6,671.68
2167,1122,20,2,1292.37,5.58,671.68
2168,1123,24,2,3013.98,12.63,1731.5
2169,1124,22,3,1824.54,35.34,1243.57
2170,1125,12,1,1088.03,0.46,682.84
2171,1125,29,2,2293.25,17.08,1316.03
2172,1125,26,1,491.47,11.84,302.79
2173,1125,7,1,3336.23,0.84,1975.36
2174,1126,4,1,2911.73,20.05,1620.58
2175,1127,9,1,3032.25,0.52,1837.78
2176,1127,23,2,3998.97,2.79,2126.28
2177,1128,11,3,3625.98,10.23,1795.44
2178,1129,31,2,2700.0,6.29,2500.0
2179,1130,11,2,3625.98,7.84,1795.44
2180,1130,31,1,2700.0,2.02,2500.0
2181,1131,18,1,5069.09,2.03,2768.25
2182,1131,20,3,1292.37,10.86,671.68
2183,1132,31,1,2700.0,2.8,2500.0
2184,1133,6,2,4524.34,17.7,2423.6
2185,1133,14,1,3101.56,6.94,1653.99
2186,1133,11,2,3625.98,0.09,1795.44
2187,1134,23,3,3998.97,1.97,2126.28
2188,1135,17,2,1223.23,5.1,641.7
2189,1136,10,2,1456.11,5.99,736.49
2190,1136,20,1,1292.37,2.57,671.68
2191,1136,7,3,3336.23,2.15,1975.36
2192,1137,5,2,3775.0,12.97,1745.57
2193,1137,17,3,1223.23,10.78,641.7
2194,1138,5,2,3775.0,6.35,1745.57
2195,1138,7,1,3336.23,10.72,1975.36
2196,1138,10,3,1456.11,17.88,736.49
2197,1139,28,3,5083.77,21.54,2896.91
2198,1139,31,3,2700.0,0.92,2500.0
2199,1140,7,2,3336.23,17.04,1975.36
2200,1141,25,3,1405.94,5.53,683.23
2201,1142,11,3,3625.98,5.71,1795.44
2202,1143,2,2,344.87,40.64,214.37
2203,1143,31,3,2700.0,28.57,2500.0
2204,1143,4,3,2911.73,34.83,1620.58
2205,1144,1,1,457.62,28.91,341.45
2206,1145,28,2,5083.77,0.14,2896.91
2207,1145,31,3,2700.0,22.76,2500.0
2208,1145,25,1,1405.94,1.64,683.23
2209,1146,16,3,2352.78,7.79,1141.59
2210,1147,4,2,2911.73,6.26,1620.58
2211,1147,9,1,3032.25,10.93,1837.78
2212,1147,21,3,2309.06,0.1,1257.12
2213,1148,31,2,2700.0,12.86,2500.0
2214,1149,31,3,2700.0,1.31,2500.0
2215,1149,25,2,1405.94,5.28,683.23
2216,1150,15,2,2079.21,2.42,1257.62
2217,1151,18,3,5069.09,15.13,2768.25
2218,1151,24,3,3013.98,6.29,1731.5
2219,1151,19,3,1579.21,1.13,1042.58
2220,1152,1,3,457.62,6.62,341.45
2221,1152,8,2,4716.54,22.99,2251.56
2222,1153,31,3,2700.0,10.54,2500.0
2223,1153,5,3,3775.0,17.69,1745.57
2224,1154,31,3,2700.0,11.36,2500.0
2225,1155,1,3,457.62,31.27,341.45
2226,1155,31,1,2700.0,38.33,2500.0
2227,1156,30,2,2120.42,2.01,1542.79
2228,1157,5,1,3775.0,22.02,1745.57
2229,1157,10,2,1456.11,1.83,736.49
2230,1157,9,2,3032.25,5.53,1837.78
2231,1158,31,1,2700.0,7.16,2500.0
2232,1158,9,1,3032.25,21.04,1837.78
2233,1159,31,3,2700.0,0.38,2500.0
2234,1160,31,3,2700.0,0.19,2500.0
2235,1160,22,2,1824.54,7.85,1243.57
2236,1160,14,1,3101.56,7.54,1653.99
2237,1161,18,1,5069.09,25.99,2768.25
2238,1161,17,3,1223.23,32.69,641.7
2239,1162,4,2,2911.73,41.03,1620.58
2240,1163,1,3,457.62,2.53,341.45
2241,1163,7,3,3336.23,0.94,1975.36
2242,1163,3,3,3011.45,10.68,2079.85
2243,1164,31,2,2700.0,2.43,2500.0
2244,1165,17,3,1223.23,2.63,641.7
2245,1166,15,3,2079.21,2.39,1257.62
2246,1166,27,3,2259.37,21.72,1531.14
2247,1167,31,1,2700.0,12.51,2500.0
2248,1168,6,1,4524.34,40.33,2423.6
2249,1168,5,1,3775.0,29.38,1745.57
2250,1169,15,3,2079.21,28.11,1257.62
2251,1169,19,1,1579.21,41.5,1042.58
2252,1169,24,2,3013.98,29.35,1731.5
2253,1169,16,2,2352.78,39.81,1141.59
2254,1170,28,1,5083.77,11.34,2896.91
2255,1170,15,3,2079.21,7.67,1257.62
2256,1171,15,2,2079.21,6.22,1257.62
2257,1172,29,2,2293.25,1.18,1316.03
2258,1173,11,1,3625.98,2.19,1795.44
2259,1173,31,1,2700.0,22.81,2500.0
2260,1174,20,3,1292.37,2.0,671.68
2261,1174,15,1,2079.21,2.99,1257.62
2262,1175,31,2,2700.0,7.11,2500.0
2263,1175,25,1,1405.94,0.5,683.23
2264,1175,24,1,3013.98,12.45,1731.5
2265,1176,9,1,3032.25,17.7,1837.78
2266,1177,4,1,2911.73,10.33,1620.58
2267,1178,17,2,1223.23,35.77,641.7
2268,1178,3,2,3011.45,29.8,2079.85
2269,1178,31,2,2700.0,36.97,2500.0
2270,1179,24,3,3013.98,2.74,1731.5
2271,1180,14,2,3101.56,0.61,1653.99
2272,1180,8,1,4716.54,6.04,2251.56
2273,1181,19,1,1579.21,1.63,1042.58
2274,1181,7,1,3336.23,12.64,1975.36
2275,1181,12,3,1088.03,11.04,682.84
2276,1182,3,2,3011.45,10.21,2079.85
2277,1182,31,2,2700.0,1.93,2500.0
2278,1182,28,3,5083.77,0.22,2896.91
2279,1183,16,2,2352.78,20.8,1141.59
2280,1184,19,2,1579.21,34.88,1042.58
2281,1185,25,1,1405.94,10.98,683.23
2282,1185,23,1,3998.97,1.48,2126.28
2283,1186,7,2,3336.23,20.76,1975.36
2284,1186,12,3,1088.03,0.66,682.84
2285,1187,31,1,2700.0,1.93,2500.0
2286,1188,27,3,2259.37,5.73,1531.14
2287,1189,9,3,3032.25,0.84,1837.78
2288,1189,30,2,2120.42,22.37,1542.79
2289,1190,31,3,2700.0,10.94,2500.0
2290,1191,12,1,1088.03,1.37,682.84
2291,1192,9,1,3032.25,15.34,1837.78
2292,1193,31,1,2700.0,32.33,2500.0
2293,1193,7,3,3336.23,38.52,1975.36
2294,1193,11,1,3625.98,30.99,1795.44
2295,1194,24,3,3013.98,1.3,1731.5
2296,1195,6,3,4524.34,11.71,2423.6
2297,1195,31,1,2700.0,1.15,2500.0
2298,1196,31,3,2700.0,5.2,2500.0
2299,1196,10,3,1456.11,17.7,736.49
2300,1198,31,3,2700.0,28.63,2500.0
2301,1199,10,1,1456.11,29.28,736.49
2302,1200,9,3,3032.25,22.24,1837.78
2303,1200,31,2,2700.0,7.1,2500.0
2304,1200,1,1,457.62,1.9,341.45
2305,1200,18,3,5069.09,0.66,2768.25
2306,1201,9,3,3032.25,39.89,1837.78
2307,1201,13,1,903.79,40.27,474.77
2308,1202,4,2,2911.73,29.31,1620.58
2309,1203,7,3,3336.23,20.67,1975.36
2310,1203,2,3,344.87,2.97,214.37
2311,1204,31,2,2700.0,12.6,2500.0
2312,1204,2,2,344.87,7.53,214.37
2313,1205,10,3,1456.11,2.4,736.49
2314,1205,8,2,4716.54,15.04,2251.56
2315,1206,3,2,3011.45,7.1,2079.85
2316,1206,6,3,4524.34,22.41,2423.6
2317,1207,17,2,1223.23,1.32,641.7
2318,1207,13,3,903.79,6.81,474.77
2319,1207,15,3,2079.21,11.03,1257.62
2320,1208,31,1,2700.0,10.4,2500.0
2321,1209,27,3,2259.37,2.76,1531.14
2322,1209,21,2,2309.06,0.3,1257.12
2323,1210,7,3,3336.23,10.44,1975.36
2324,1210,20,3,1292.37,1.97,671.68
2325,1211,16,1,2352.78,7.84,1141.59
2326,1212,15,1,2079.21,7.85,1257.62
2327,1212,3,3,3011.45,5.23,2079.85
2328,1213,24,3,3013.98,6.11,1731.5
2329,1213,25,3,1405.94,6.5,683.23
2330,1214,18,3,5069.09,12.84,2768.25
2331,1214,16,2,2352.78,11.69,1141.59
2332,1215,31,1,2700.0,10.86,2500.0
2333,1216,20,3,1292.37,2.44,671.68
2334,1216,26,3,491.47,0.97,302.79
2335,1216,25,2,1405.94,7.53,683.23
2336,1217,18,1,5069.09,6.1,2768.25
2337,1217,8,2,4716.54,1.15,2251.56
2338,1218,13,1,903.79,2.82,474.77
2339,1218,20,2,1292.37,5.64,671.68
2340,1218,29,3,2293.25,10.66,1316.03
2341,1218,15,1,2079.21,0.09,1257.62
2342,1219,10,1,1456.11,1.11,736.49
2343,1219,6,3,4524.34,5.96,2423.6
2344,1220,28,3,5083.77,15.78,2896.91
2345,1220,31,2,2700.0,6.93,2500.0
2346,1221,10,1,1456.11,16.39,736.49
2347,1221,31,2,2700.0,12.05,2500.0
2348,1222,31,1,2700.0,2.78,2500.0
2349,1223,31,2,2700.0,11.95,2500.0
2350,1223,3,1,3011.45,2.76,2079.85
2351,1223,12,3,1088.03,0.2,682.84
2352,1224,31,1,2700.0,5.68,2500.0
2353,1225,6,2,4524.34,2.73,2423.6
2354,1225,13,2,903.79,11.05,474.77
2355,1225,31,2,2700.0,2.72,2500.0
2356,1226,16,2,2352.78,27.17,1141.59
2357,1226,23,3,3998.97,36.61,2126.28
2358,1226,10,1,1456.11,27.56,736.49
2359,1226,29,1,2293.25,36.89,1316.03
2360,1227,15,2,2079.21,28.83,1257.62
2361,1227,28,1,5083.77,33.62,2896.91
2362,1228,31,1,2700.0,11.82,2500.0
2363,1228,8,3,4716.54,2.49,2251.56
2364,1229,10,2,1456.11,1.06,736.49
2365,1230,12,3,1088.03,2.89,682.84
2366,1230,28,3,5083.77,6.6,2896.91
2367,1230,26,2,491.47,5.97,302.79
2368,1231,14,3,3101.56,0.42,1653.99
2369,1232,10,2,1456.11,22.97,736.49
2370,1232,12,1,1088.03,11.22,682.84
2371,1233,4,2,2911.73,29.12,1620.58
2372,1234,31,1,2700.0,6.19,2500.0
2373,1234,18,1,5069.09,5.02,2768.25
2374,1234,15,3,2079.21,7.32,1257.62
2375,1234,21,1,2309.06,2.67,1257.12
2376,1235,26,1,491.47,16.97,302.79
2377,1236,3,2,3011.45,10.75,2079.85
2378,1236,31,1,2700.0,1.1,2500.0
2379,1237,22,2,1824.54,10.81,1243.57
2380,1237,6,3,4524.34,11.78,2423.6
2381,1237,21,2,2309.06,21.49,1257.12
2382,1238,31,1,2700.0,12.93,2500.0
2383,1239,9,3,3032.25,0.45,1837.78
2384,1239,31,1,2700.0,7.26,2500.0
2385,1239,26,2,491.47,21.7,302.79
2386,1239,3,3,3011.45,21.42,2079.85
2387,1240,12,1,1088.03,32.44,682.84
2388,1240,2,2,344.87,41.31,214.37
2389,1241,14,3,3101.56,5.61,1653.99
2390,1241,25,2,1405.94,5.57,683.23
2391,1242,31,1,2700.0,1.76,2500.0
2392,1243,19,3,1579.21,17.4,1042.58
2393,1243,1,3,457.62,0.0,341.45
2394,1244,20,3,1292.37,16.78,671.68
2395,1244,6,2,4524.34,6.16,2423.6
2396,1245,3,1,3011.45,10.73,2079.85
2397,1245,15,2,2079.21,5.11,1257.62
2398,1246,30,2,2120.42,0.33,1542.79
2399,1246,23,1,3998.97,10.67,2126.28
2400,1247,1,1,457.62,11.05,341.45
2401,1247,31,1,2700.0,16.24,2500.0
2402,1247,20,1,1292.37,2.56,671.68
2403,1248,22,3,1824.54,11.05,1243.57
2404,1248,28,1,5083.77,7.92,2896.91
2405,1248,19,3,1579.21,5.92,1042.58
2406,1249,16,3,2352.78,7.5,1141.59
2407,1250,18,2,5069.09,5.05,2768.25
2408,1250,11,1,3625.98,5.14,1795.44
2409,1251,14,3,3101.56,21.93,1653.99
2410,1251,18,1,5069.09,5.47,2768.25
2411,1251,29,1,2293.25,2.07,1316.03
2412,1251,31,2,2700.0,1.44,2500.0
2413,1252,27,2,2259.37,11.42,1531.14
2414,1252,9,1,3032.25,5.03,1837.78
2415,1252,28,2,5083.77,12.79,2896.91
2416,1252,31,3,2700.0,6.7,2500.0
2417,1253,14,3,3101.56,39.68,1653.99
2418,1254,13,2,903.79,11.88,474.77
2419,1254,1,3,457.62,12.91,341.45
2420,1254,31,3,2700.0,7.83,2500.0
2421,1254,24,3,3013.98,5.57,1731.5
2422,1255,24,1,3013.98,5.89,1731.5
2423,1256,31,1,2700.0,5.93,2500.0
2424,1257,2,2,344.87,28.94,214.37
2425,1258,26,3,491.47,0.1,302.79
2426,1258,21,3,2309.06,1.71,1257.12
2427,1258,4,1,2911.73,1.94,1620.58
2428,1258,29,2,2293.25,1.4,1316.03
2429,1259,31,1,2700.0,22.38,2500.0
2430,1259,4,1,2911.73,2.45,1620.58
2431,1260,22,3,1824.54,0.6,1243.57
2432,1260,31,1,2700.0,5.03,2500.0
2433,1261,14,1,3101.56,39.92,1653.99
2434,1261,15,1,2079.21,29.31,1257.62
2435,1261,5,3,3775.0,36.77,1745.57
2436,1262,28,1,5083.77,16.83,2896.91
2437,1263,31,3,2700.0,10.63,2500.0
2438,1264,17,2,1223.23,27.9,641.7
2439,1264,31,2,2700.0,37.18,2500.0
2440,1264,9,1,3032.25,27.16,1837.78
2441,1265,2,1,344.87,17.15,214.37
2442,1265,9,2,3032.25,2.64,1837.78
2443,1265,31,3,2700.0,12.75,2500.0
2444,1265,30,3,2120.42,2.5,1542.79
2445,1266,31,3,2700.0,2.78,2500.0
2446,1267,31,3,2700.0,1.02,2500.0
2447,1268,31,3,2700.0,38.29,2500.0
2448,1268,26,3,491.47,29.79,302.79
2449,1269,29,3,2293.25,38.08,1316.03
2450,1270,31,1,2700.0,27.03,2500.0
2451,1271,27,3,2259.37,2.01,1531.14
2452,1271,5,2,3775.0,2.59,1745.57
2453,1272,10,2,1456.11,1.76,736.49
2454,1272,17,3,1223.23,10.53,641.7
2455,1272,8,2,4716.54,0.52,2251.56
2456,1272,31,2,2700.0,12.25,2500.0
2457,1273,31,2,2700.0,5.45,2500.0
2458,1274,17,3,1223.23,12.55,641.7
2459,1274,13,3,903.79,2.08,474.77
2460,1274,19,2,1579.21,17.63,1042.58
2461,1275,22,1,1824.54,6.39,1243.57
2462,1275,1,2,457.62,12.3,341.45
2463,1276,29,2,2293.25,6.87,1316.03
2464,1276,26,2,491.47,5.48,302.79
2465,1277,11,1,3625.98,11.7,1795.44
2466,1277,31,1,2700.0,11.05,2500.0
2467,1278,11,1,3625.98,35.07,1795.44
2468,1279,31,3,2700.0,10.95,2500.0
2469,1280,10,3,1456.11,10.52,736.49
2470,1281,5,2,3775.0,6.87,1745.57
2471,1282,15,3,2079.21,22.28,1257.62
2472,1283,15,3,2079.21,0.19,1257.62
2473,1283,12,1,1088.03,2.85,682.84
2474,1283,31,1,2700.0,12.25,2500.0
2475,1284,31,2,2700.0,21.25,2500.0
2476,1284,26,2,491.47,0.31,302.79
2477,1285,20,1,1292.37,0.13,671.68
2478,1286,21,3,2309.06,30.56,1257.12
2479,1287,26,3,491.47,7.33,302.79
2480,1287,31,2,2700.0,0.65,2500.0
2481,1288,28,1,5083.77,28.04,2896.91
2482,1289,31,2,2700.0,27.77,2500.0
2483,1289,14,1,3101.56,29.78,1653.99
2484,1289,8,1,4716.54,33.01,2251.56
2485,1290,18,3,5069.09,20.29,2768.25
2486,1290,31,3,2700.0,5.33,2500.0
2487,1290,4,1,2911.73,11.27,1620.58
2488,1291,31,1,2700.0,37.72,2500.0
2489,1292,7,1,3336.23,11.9,1975.36
2490,1292,12,2,1088.03,7.66,682.84
2491,1293,31,2,2700.0,1.98,2500.0
2492,1293,4,1,2911.73,16.19,1620.58
2493,1293,11,2,3625.98,12.8,1795.44
2494,1293,12,3,1088.03,7.65,682.84
2495,1294,27,3,2259.37,1.52,1531.14
2496,1295,31,2,2700.0,0.74,2500.0
2497,1295,7,1,3336.23,0.57,1975.36
2498,1296,7,3,3336.23,34.19,1975.36
2499,1296,15,2,2079.21,40.26,1257.62
2500,1296,5,3,3775.0,33.11,1745.57
2501,1296,2,2,344.87,41.2,214.37
2502,1297,31,3,2700.0,12.48,2500.0
2503,1298,31,3,2700.0,17.87,2500.0
2504,1298,8,2,4716.54,11.74,2251.56
2505,1299,31,3,2700.0,2.97,2500.0
2506,1300,26,3,491.47,31.54,302.79
2507,1300,31,2,2700.0,34.77,2500.0
2508,1302,28,3,5083.77,35.82,2896.91
2509,1303,2,2,344.87,6.88,214.37
2510,1303,31,3,2700.0,11.27,2500.0
2511,1303,20,1,1292.37,16.72,671.68
2512,1304,30,2,2120.42,15.76,1542.79
2513,1305,20,1,1292.37,11.39,671.68
2514,1305,30,3,2120.42,10.62,1542.79
2515,1305,7,2,3336.23,7.33,1975.36
2516,1306,31,3,2700.0,1.99,2500.0
2517,1306,26,1,491.47,12.89,302.79
2518,1307,3,2,3011.45,10.87,2079.85
2519,1308,17,2,1223.23,20.31,641.7
2520,1309,3,2,3011.45,15.92,2079.85
2521,1309,16,3,2352.78,15.79,1141.59
2522,1309,7,3,3336.23,11.25,1975.36
2523,1310,4,1,2911.73,5.14,1620.58
2524,1310,25,3,1405.94,10.31,683.23
2525,1311,23,2,3998.97,5.29,2126.28
2526,1312,19,2,1579.21,16.71,1042.58
2527,1312,31,3,2700.0,1.96,2500.0
2528,1312,11,2,3625.98,0.09,1795.44
2529,1312,14,2,3101.56,12.67,1653.99
2530,1313,17,1,1223.23,1.18,641.7
2531,1313,22,2,1824.54,22.71,1243.57
2532,1314,9,1,3032.25,12.73,1837.78
2533,1315,12,1,1088.03,0.37,682.84
2534,1315,31,1,2700.0,7.8,2500.0
2535,1316,31,2,2700.0,6.62,2500.0
2536,1316,21,2,2309.06,6.8,1257.12
2537,1317,1,2,457.62,39.12,341.45
2538,1317,19,2,1579.21,37.39,1042.58
2539,1317,11,3,3625.98,39.09,1795.44
2540,1318,12,1,1088.03,2.79,682.84
2541,1319,30,2,2120.42,1.28,1542.79
2542,1320,21,3,2309.06,10.51,1257.12
2543,1320,20,1,1292.37,10.42,671.68
2544,1320,7,2,3336.23,2.93,1975.36
2545,1321,4,2,2911.73,1.59,1620.58
2546,1322,31,2,2700.0,15.92,2500.0
2547,1322,24,3,3013.98,6.07,1731.5
2548,1323,20,3,1292.37,15.6,671.68
2549,1324,2,1,344.87,5.37,214.37
2550,1325,12,2,1088.03,1.54,682.84
2551,1325,5,2,3775.0,1.44,1745.57
2552,1326,21,3,2309.06,0.94,1257.12
2553,1326,31,3,2700.0,6.23,2500.0
2554,1326,14,2,3101.56,6.45,1653.99
2555,1327,23,2,3998.97,15.56,2126.28
2556,1327,25,2,1405.94,2.21,683.23
2557,1328,26,1,491.47,7.67,302.79
2558,1328,28,2,5083.77,10.16,2896.91
2559,1329,31,3,2700.0,21.02,2500.0
2560,1330,11,1,3625.98,1.62,1795.44
2561,1330,19,1,1579.21,6.17,1042.58
2562,1331,24,2,3013.98,1.68,1731.5
2563,1331,23,3,3998.97,2.84,2126.28
2564,1332,31,2,2700.0,17.19,2500.0
2565,1333,29,1,2293.25,15.04,1316.03
2566,1333,17,2,1223.23,2.37,641.7
2567,1334,31,1,2700.0,6.91,2500.0
2568,1336,31,1,2700.0,2.5,2500.0
2569,1336,4,2,2911.73,10.44,1620.58
2570,1336,28,3,5083.77,5.66,2896.91
2571,1337,2,3,344.87,17.88,214.37
2572,1337,31,3,2700.0,10.59,2500.0
2573,1338,31,3,2700.0,7.36,2500.0
2574,1338,9,3,3032.25,15.92,1837.78
2575,1338,21,2,2309.06,0.73,1257.12
2576,1339,7,3,3336.23,0.13,1975.36
2577,1339,9,2,3032.25,7.14,1837.78
2578,1339,5,2,3775.0,21.49,1745.57
2579,1339,26,1,491.47,15.24,302.79
2580,1340,16,1,2352.78,10.73,1141.59
2581,1340,1,3,457.62,11.63,341.45
2582,1340,28,1,5083.77,11.9,2896.91
2583,1341,25,2,1405.94,6.75,683.23
2584,1342,31,2,2700.0,29.18,2500.0
2585,1343,31,2,2700.0,1.37,2500.0
2586,1343,27,3,2259.37,11.23,1531.14
2587,1343,16,2,2352.78,1.56,1141.59
2588,1344,5,1,3775.0,1.87,1745.57
2589,1344,21,3,2309.06,6.0,1257.12
2590,1344,20,2,1292.37,5.13,671.68
2591,1344,8,1,4716.54,7.01,2251.56
2592,1345,31,1,2700.0,16.26,2500.0
2593,1346,18,2,5069.09,26.97,2768.25
2594,1346,15,3,2079.21,30.39,1257.62
2595,1347,27,2,2259.37,10.78,1531.14
2596,1347,1,3,457.62,0.52,341.45
2597,1347,18,3,5069.09,21.36,2768.25
2598,1348,22,3,1824.54,15.41,1243.57
2599,1348,30,2,2120.42,5.06,1542.79
2600,1348,8,1,4716.54,12.52,2251.56
2601,1348,3,1,3011.45,7.84,2079.85
2602,1349,29,3,2293.25,12.89,1316.03
2603,1350,29,1,2293.25,5.28,1316.03
2604,1350,1,3,457.62,2.83,341.45
2605,1351,12,3,1088.03,1.19,682.84
2606,1351,11,1,3625.98,5.2,1795.44
2607,1352,23,2,3998.97,15.4,2126.28
2608,1354,31,2,2700.0,7.52,2500.0
2609,1355,20,1,1292.37,0.43,671.68
2610,1355,30,1,2120.42,21.42,1542.79
2611,1356,12,2,1088.03,2.98,682.84
2612,1356,10,1,1456.11,5.04,736.49
2613,1357,31,3,2700.0,0.11,2500.0
2614,1358,14,1,3101.56,15.04,1653.99
2615,1359,31,1,2700.0,0.1,2500.0
2616,1359,16,2,2352.78,12.16,1141.59
2617,1359,27,3,2259.37,0.03,1531.14
2618,1360,31,2,2700.0,5.41,2500.0
2619,1361,6,1,4524.34,1.96,2423.6
2620,1362,25,3,1405.94,25.7,683.23
2621,1363,12,1,1088.03,2.41,682.84
2622,1363,18,3,5069.09,12.38,2768.25
2623,1364,5,2,3775.0,1.36,1745.57
2624,1364,27,1,2259.37,2.48,1531.14
2625,1364,19,1,1579.21,1.08,1042.58
2626,1365,18,1,5069.09,2.86,2768.25
2627,1365,2,3,344.87,5.92,214.37
2628,1366,31,3,2700.0,1.26,2500.0
2629,1366,21,1,2309.06,7.77,1257.12
2630,1366,6,3,4524.34,16.81,2423.6
2631,1367,23,3,3998.97,21.05,2126.28
2632,1367,9,1,3032.25,1.72,1837.78
2633,1368,31,2,2700.0,22.64,2500.0
2634,1369,28,3,5083.77,10.38,2896.91
2635,1369,4,1,2911.73,21.58,1620.58
2636,1370,29,3,2293.25,22.93,1316.03
2637,1370,8,3,4716.54,1.47,2251.56
2638,1370,9,1,3032.25,10.9,1837.78
2639,1371,13,2,903.79,2.5,474.77
2640,1371,15,2,2079.21,20.81,1257.62
2641,1371,29,1,2293.25,20.47,1316.03
2642,1372,31,1,2700.0,0.2,2500.0
2643,1373,31,1,2700.0,12.71,2500.0
2644,1373,14,1,3101.56,0.06,1653.99
2645,1373,25,1,1405.94,7.23,683.23
2646,1374,1,3,457.62,21.72,341.45
2647,1375,1,1,457.62,1.15,341.45
2648,1376,30,3,2120.42,39.14,1542.79
2649,1376,3,2,3011.45,25.15,2079.85
2650,1376,22,2,1824.54,34.24,1243.57
2651,1377,4,1,2911.73,20.83,1620.58
2652,1377,28,1,5083.77,2.17,2896.91
2653,1378,21,1,2309.06,21.94,1257.12
2654,1378,22,3,1824.54,2.28,1243.57
2655,1378,20,1,1292.37,0.57,671.68
2656,1379,16,2,2352.78,11.23,1141.59
2657,1380,19,3,1579.21,7.59,1042.58
2658,1380,10,3,1456.11,0.29,736.49
2659,1380,18,3,5069.09,2.43,2768.25
2660,1381,15,3,2079.21,16.79,1257.62
2661,1382,31,3,2700.0,11.5,2500.0
2662,1383,23,3,3998.97,6.23,2126.28
2663,1384,31,1,2700.0,1.86,2500.0
2664,1385,31,1,2700.0,36.67,2500.0
2665,1385,12,3,1088.03,41.57,682.84
2666,1386,31,1,2700.0,1.39,2500.0
2667,1387,31,1,2700.0,20.73,2500.0
2668,1388,12,1,1088.03,1.7,682.84
2669,1389,31,3,2700.0,7.84,2500.0
2670,1390,21,1,2309.06,5.94,1257.12
2671,1390,20,3,1292.37,2.68,671.68
2672,1390,27,1,2259.37,6.15,1531.14
2673,1390,7,3,3336.23,1.0,1975.36
2674,1391,14,3,3101.56,6.48,1653.99
2675,1391,31,1,2700.0,11.68,2500.0
2676,1391,11,1,3625.98,12.27,1795.44
2677,1392,1,3,457.62,31.66,341.45
2678,1393,9,2,3032.25,2.87,1837.78
2679,1393,29,2,2293.25,21.33,1316.03
2680,1394,4,3,2911.73,6.08,1620.58
2681,1395,31,2,2700.0,0.38,2500.0
2682,1395,18,1,5069.09,5.16,2768.25
2683,1396,10,1,1456.11,12.37,736.49
2684,1397,31,2,2700.0,0.05,2500.0
2685,1397,18,2,5069.09,2.3,2768.25
2686,1398,31,1,2700.0,15.75,2500.0
2687,1398,28,1,5083.77,5.68,2896.91
2688,1398,19,3,1579.21,22.42,1042.58
2689,1399,27,3,2259.37,2.98,1531.14
2690,1399,2,2,344.87,2.45,214.37
2691,1400,18,1,5069.09,38.64,2768.25
2692,1400,2,1,344.87,37.04,214.37
2693,1401,16,2,2352.78,0.3,1141.59
2694,1401,4,1,2911.73,0.19,1620.58
2695,1402,4,1,2911.73,2.42,1620.58
2696,1402,31,1,2700.0,5.89,2500.0
2697,1403,7,3,3336.23,17.29,1975.36
2698,1403,3,3,3011.45,2.65,2079.85
2699,1403,10,2,1456.11,2.17,736.49
2700,1403,19,3,1579.21,17.46,1042.58
2701,1404,31,2,2700.0,10.67,2500.0
2702,1405,11,3,3625.98,33.98,1795.44
2703,1406,4,3,2911.73,6.4,1620.58
2704,1406,7,2,3336.23,1.66,1975.36
2705,1407,31,1,2700.0,10.75,2500.0
2706,1408,15,1,2079.21,17.63,1257.62
2707,1408,7,1,3336.23,2.39,1975.36
2708,1409,23,2,3998.97,20.09,2126.28
2709,1409,31,2,2700.0,5.58,2500.0
2710,1409,14,2,3101.56,0.49,1653.99
2711,1409,26,3,491.47,2.37,302.79
2712,1410,31,1,2700.0,12.4,2500.0
2713,1410,23,1,3998.97,11.86,2126.28
2714,1411,10,1,1456.11,10.16,736.49
2715,1411,31,2,2700.0,7.47,2500.0
2716,1411,1,2,457.62,0.65,341.45
2717,1412,8,3,4716.54,22.6,2251.56
2718,1413,15,1,2079.21,25.17,1257.62
2719,1413,28,3,5083.77,38.76,2896.91
2720,1414,31,2,2700.0,1.13,2500.0
2721,1415,16,1,2352.78,10.7,1141.59
2722,1415,6,1,4524.34,10.05,2423.6
2723,1415,31,2,2700.0,16.26,2500.0
2724,1415,10,2,1456.11,22.46,736.49
2725,1416,22,2,1824.54,0.41,1243.57
2726,1416,29,2,2293.25,12.42,1316.03
2727,1417,7,2,3336.23,10.78,1975.36
2728,1417,3,3,3011.45,15.48,2079.85
2729,1417,2,1,344.87,7.36,214.37
2730,1418,3,2,3011.45,1.32,2079.85
2731,1418,31,1,2700.0,2.48,2500.0
2732,1419,31,3,2700.0,6.44,2500.0
2733,1419,14,1,3101.56,15.95,1653.99
2734,1420,20,3,1292.37,12.12,671.68
2735,1420,25,1,1405.94,1.69,683.23
2736,1421,12,3,1088.03,22.5,682.84
2737,1422,25,3,1405.94,5.43,683.23
2738,1422,14,2,3101.56,7.18,1653.99
2739,1423,31,3,2700.0,12.17,2500.0
2740,1423,4,2,2911.73,2.39,1620.58
2741,1424,24,1,3013.98,5.02,1731.5
2742,1424,10,2,1456.11,6.73,736.49
2743,1424,21,3,2309.06,16.29,1257.12
2744,1425,21,2,2309.06,15.17,1257.12
2745,1425,30,2,2120.42,11.03,1542.79
2746,1425,31,1,2700.0,0.72,2500.0
2747,1425,17,1,1223.23,1.43,641.7
2748,1426,12,1,1088.03,41.04,682.84
2749,1427,24,3,3013.98,16.28,1731.5
2750,1428,31,2,2700.0,1.85,2500.0
2751,1429,26,3,491.47,20.7,302.79
2752,1429,7,2,3336.23,0.62,1975.36
2753,1430,1,1,457.62,41.95,341.45
2754,1430,12,3,1088.03,31.76,682.84
2755,1430,5,1,3775.0,32.18,1745.57
2756,1430,31,1,2700.0,32.66,2500.0
2757,1431,29,1,2293.25,12.06,1316.03
2758,1431,19,3,1579.21,5.63,1042.58
2759,1432,15,1,2079.21,15.48,1257.62
2760,1432,29,2,2293.25,7.75,1316.03
2761,1433,21,2,2309.06,0.47,1257.12
2762,1433,31,3,2700.0,7.21,2500.0
2763,1433,30,3,2120.42,2.97,1542.79
2764,1434,8,2,4716.54,28.78,2251.56
2765,1435,31,2,2700.0,11.36,2500.0
2766,1435,11,2,3625.98,1.66,1795.44
2767,1436,24,1,3013.98,17.17,1731.5
2768,1436,28,2,5083.77,1.26,2896.91
2769,1437,31,1,2700.0,1.7,2500.0
2770,1438,20,1,1292.37,0.84,671.68
2771,1439,23,1,3998.97,5.62,2126.28
2772,1440,31,2,2700.0,40.4,2500.0
2773,1441,15,2,2079.21,5.99,1257.62
2774,1441,3,1,3011.45,11.74,2079.85
2775,1441,19,3,1579.21,6.87,1042.58
2776,1442,26,1,491.47,10.4,302.79
2777,1442,2,2,344.87,23.0,214.37
2778,1443,31,3,2700.0,1.33,2500.0
2779,1443,26,2,491.47,2.85,302.79
2780,1444,31,2,2700.0,30.25,2500.0
2781,1444,11,1,3625.98,40.41,1795.44
2782,1445,31,1,2700.0,40.33,2500.0
2783,1445,7,3,3336.23,27.25,1975.36
2784,1445,5,3,3775.0,28.89,1745.57
2785,1445,15,3,2079.21,31.81,1257.62
2786,1447,10,3,1456.11,2.67,736.49
2787,1448,31,3,2700.0,1.98,2500.0
2788,1449,31,1,2700.0,0.19,2500.0
2789,1449,22,2,1824.54,0.95,1243.57
2790,1450,20,1,1292.37,1.55,671.68
2791,1450,30,3,2120.42,0.78,1542.79
2792,1450,9,2,3032.25,7.58,1837.78
2793,1451,17,3,1223.23,12.1,641.7
2794,1452,1,2,457.62,21.45,341.45
2795,1452,31,2,2700.0,12.49,2500.0
2796,1452,14,1,3101.56,1.77,1653.99
2797,1452,28,2,5083.77,1.07,2896.91
2798,1453,19,2,1579.21,5.17,1042.58
2799,1454,31,1,2700.0,12.37,2500.0
2800,1455,14,3,3101.56,12.21,1653.99
2801,1456,31,2,2700.0,2.26,2500.0
2802,1457,26,1,491.47,37.87,302.79
2803,1457,29,1,2293.25,34.39,1316.03
2804,1457,17,1,1223.23,35.98,641.7
2805,1457,31,1,2700.0,38.48,2500.0
2806,1458,1,1,457.62,11.18,341.45
2807,1458,29,1,2293.25,1.23,1316.03
2808,1458,31,2,2700.0,2.89,2500.0
2809,1459,19,3,1579.21,0.06,1042.58
2810,1460,16,2,2352.78,6.62,1141.59
2811,1461,31,3,2700.0,28.78,2500.0
2812,1461,3,2,3011.45,41.41,2079.85
2813,1462,31,2,2700.0,29.78,2500.0
2814,1462,27,1,2259.37,33.06,1531.14
2815,1462,9,2,3032.25,29.78,1837.78
2816,1463,30,1,2120.42,5.81,1542.79
2817,1463,31,2,2700.0,2.57,2500.0
2818,1463,14,1,3101.56,10.34,1653.99
2819,1464,20,1,1292.37,7.15,671.68
2820,1465,13,2,903.79,1.39,474.77
2821,1466,3,2,3011.45,7.37,2079.85
2822,1466,12,3,1088.03,2.46,682.84
2823,1467,31,3,2700.0,15.06,2500.0
2824,1468,11,2,3625.98,20.66,1795.44
2825,1468,18,1,5069.09,15.5,2768.25
2826,1468,28,2,5083.77,6.5,2896.91
2827,1468,17,2,1223.23,0.5,641.7
2828,1469,3,2,3011.45,15.52,2079.85
2829,1470,1,3,457.62,10.68,341.45
2830,1471,31,2,2700.0,5.7,2500.0
2831,1471,2,1,344.87,6.43,214.37
2832,1472,27,3,2259.37,0.88,1531.14
2833,1473,31,3,2700.0,10.25,2500.0
2834,1473,23,2,3998.97,7.69,2126.28
2835,1474,5,2,3775.0,36.21,1745.57
2836,1475,3,1,3011.45,1.36,2079.85
2837,1475,11,3,3625.98,0.03,1795.44
2838,1475,22,1,1824.54,16.95,1243.57
2839,1476,28,1,5083.77,12.7,2896.91
2840,1477,16,1,2352.78,1.19,1141.59
2841,1477,14,1,3101.56,11.41,1653.99
2842,1478,31,3,2700.0,35.92,2500.0
2843,1479,14,3,3101.56,12.03,1653.99
2844,1479,3,2,3011.45,17.25,2079.85
2845,1480,26,1,491.47,12.4,302.79
2846,1480,2,3,344.87,6.71,214.37
2847,1481,28,3,5083.77,1.64,2896.91
2848,1482,4,1,2911.73,12.29,1620.58
2849,1482,1,2,457.62,7.83,341.45
2850,1483,11,2,3625.98,27.04,1795.44
2851,1484,15,2,2079.21,1.37,1257.62
2852,1485,31,3,2700.0,5.47,2500.0
2853,1485,16,1,2352.78,7.87,1141.59
2854,1486,27,2,2259.37,2.98,1531.14
2855,1486,5,3,3775.0,12.46,1745.57
2856,1487,31,2,2700.0,6.68,2500.0
2857,1488,5,2,3775.0,20.33,1745.57
2858,1489,18,3,5069.09,7.03,2768.25
2859,1490,10,3,1456.11,20.28,736.49
2860,1490,31,2,2700.0,0.34,2500.0
2861,1492,26,1,491.47,20.5,302.79
2862,1493,21,1,2309.06,36.23,1257.12
2863,1493,31,1,2700.0,33.78,2500.0
2864,1494,18,1,5069.09,1.26,2768.25
2865,1494,31,3,2700.0,2.16,2500.0
2866,1494,25,1,1405.94,2.4,683.23
2867,1494,9,1,3032.25,20.1,1837.78
2868,1495,12,2,1088.03,7.02,682.84
2869,1496,25,3,1405.94,1.93,683.23
2870,1497,31,3,2700.0,7.43,2500.0
2871,1498,14,2,3101.56,35.14,1653.99
2872,1498,10,1,1456.11,32.79,736.49
2873,1498,12,3,1088.03,40.46,682.84
2874,1498,26,3,491.47,26.0,302.79
2875,1499,31,2,2700.0,6.13,2500.0
2876,1500,28,2,5083.77,22.26,2896.91
2877,1500,29,2,2293.25,7.04,1316.03
2878,1501,8,2,4716.54,17.99,2251.56
2879,1501,24,2,3013.98,11.23,1731.5
2880,1501,9,1,3032.25,10.12,1837.78
2881,1502,5,1,3775.0,11.74,1745.57
2882,1502,12,1,1088.03,2.85,682.84
2883,1503,9,1,3032.25,11.25,1837.78
2884,1503,31,2,2700.0,10.53,2500.0
2885,1504,10,3,1456.11,20.74,736.49
2886,1504,31,2,2700.0,21.54,2500.0
2887,1504,29,3,2293.25,1.12,1316.03
2888,1506,7,2,3336.23,6.81,1975.36
2889,1506,6,1,4524.34,1.21,2423.6
2890,1506,31,1,2700.0,5.89,2500.0
2891,1507,20,3,1292.37,7.56,671.68
2892,1507,5,1,3775.0,5.35,1745.57
2893,1507,31,1,2700.0,1.77,2500.0
2894,1508,11,3,3625.98,0.89,1795.44
2895,1508,31,3,2700.0,0.17,2500.0
2896,1508,22,1,1824.54,1.71,1243.57
2897,1508,28,2,5083.77,1.87,2896.91
2898,1509,3,3,3011.45,11.21,2079.85
2899,1509,31,1,2700.0,1.42,2500.0
2900,1509,1,2,457.62,11.23,341.45
2901,1510,31,3,2700.0,7.55,2500.0
2902,1511,21,1,2309.06,1.97,1257.12
2903,1512,11,1,3625.98,17.97,1795.44
2904,1512,15,2,2079.21,2.27,1257.62
2905,1513,5,3,3775.0,28.37,1745.57
2906,1513,14,2,3101.56,25.69,1653.99
2907,1513,12,2,1088.03,39.48,682.84
2908,1513,29,2,2293.25,34.35,1316.03
2909,1514,27,1,2259.37,5.95,1531.14
2910,1515,5,2,3775.0,2.93,1745.57
2911,1515,23,1,3998.97,17.09,2126.28
2912,1516,31,2,2700.0,31.52,2500.0
2913,1516,3,3,3011.45,38.84,2079.85
2914,1517,6,3,4524.34,0.96,2423.6
2915,1517,17,2,1223.23,12.01,641.7
2916,1518,31,1,2700.0,7.68,2500.0
2917,1519,2,1,344.87,20.45,214.37
2918,1520,11,3,3625.98,0.72,1795.44
2919,1520,26,3,491.47,6.89,302.79
2920,1520,2,3,344.87,16.6,214.37
2921,1521,31,2,2700.0,29.8,2500.0
2922,1521,14,1,3101.56,37.28,1653.99
2923,1522,30,2,2120.42,7.55,1542.79
2924,1523,31,1,2700.0,0.12,2500.0
2925,1524,31,3,2700.0,7.6,2500.0
2926,1524,10,2,1456.11,10.3,736.49
2927,1525,31,1,2700.0,10.72,2500.0
2928,1525,8,3,4716.54,10.1,2251.56
2929,1525,11,1,3625.98,0.94,1795.44
2930,1526,18,2,5069.09,5.89,2768.25
2931,1526,4,3,2911.73,2.76,1620.58
2932,1527,5,3,3775.0,12.19,1745.57
2933,1527,27,2,2259.37,12.99,1531.14
2934,1528,25,1,1405.94,10.7,683.23
2935,1528,31,3,2700.0,10.22,2500.0
2936,1529,29,1,2293.25,7.72,1316.03
2937,1529,4,2,2911.73,1.18,1620.58
2938,1530,31,3,2700.0,1.94,2500.0
2939,1531,1,1,457.62,1.78,341.45
2940,1531,4,3,2911.73,6.92,1620.58
2941,1531,31,1,2700.0,1.82,2500.0
2942,1532,30,3,2120.42,35.16,1542.79
2943,1532,8,3,4716.54,36.04,2251.56
2944,1533,28,1,5083.77,2.59,2896.91
2945,1533,21,2,2309.06,7.94,1257.12
2946,1534,19,3,1579.21,29.85,1042.58
2947,1535,25,2,1405.94,11.59,683.23
2948,1535,19,2,1579.21,12.94,1042.58
2949,1535,31,1,2700.0,10.45,2500.0
2950,1536,31,2,2700.0,2.43,2500.0
2951,1536,20,3,1292.37,10.09,671.68
2952,1537,26,1,491.47,0.59,302.79
2953,1538,31,1,2700.0,0.2,2500.0
2954,1539,4,2,2911.73,21.32,1620.58
2955,1540,14,1,3101.56,10.92,1653.99
2956,1540,4,3,2911.73,12.91,1620.58
2957,1541,30,3,2120.42,0.96,1542.79
2958,1541,6,3,4524.34,21.91,2423.6
2959,1541,28,3,5083.77,7.54,2896.91
2960,1541,14,2,3101.56,11.17,1653.99
2961,1542,17,3,1223.23,21.38,641.7
2962,1542,1,2,457.62,15.15,341.45
2963,1542,16,3,2352.78,17.54,1141.59
2964,1542,6,3,4524.34,5.73,2423.6
2965,1543,31,2,2700.0,11.47,2500.0
2966,1544,31,1,2700.0,0.63,2500.0
2967,1544,26,2,491.47,5.12,302.79
2968,1544,9,2,3032.25,7.29,1837.78
2969,1544,30,2,2120.42,0.77,1542.79
2970,1545,31,3,2700.0,22.6,2500.0
2971,1545,3,1,3011.45,7.06,2079.85
2972,1546,12,3,1088.03,5.88,682.84
2973,1546,20,2,1292.37,1.81,671.68
2974,1546,1,3,457.62,15.99,341.45
2975,1547,25,1,1405.94,15.97,683.23
2976,1547,5,1,3775.0,22.88,1745.57
2977,1547,31,1,2700.0,12.37,2500.0
2978,1547,14,3,3101.56,0.55,1653.99
2979,1549,27,3,2259.37,22.1,1531.14
2980,1550,31,2,2700.0,0.62,2500.0
2981,1550,16,2,2352.78,1.01,1141.59
2982,1551,31,2,2700.0,26.44,2500.0
2983,1552,28,2,5083.77,11.52,2896.91
2984,1552,27,1,2259.37,11.71,1531.14
2985,1553,26,1,491.47,21.99,302.79
2986,1554,31,3,2700.0,15.8,2500.0
2987,1554,14,1,3101.56,22.78,1653.99
2988,1554,18,3,5069.09,0.77,2768.25
2989,1555,21,2,2309.06,2.6,1257.12
2990,1555,14,1,3101.56,12.33,1653.99
2991,1555,31,3,2700.0,7.93,2500.0
2992,1556,31,3,2700.0,22.42,2500.0
2993,1557,22,1,1824.54,5.05,1243.57
2994,1557,12,3,1088.03,16.31,682.84
2995,1558,20,2,1292.37,30.1,671.68
2996,1558,11,2,3625.98,31.76,1795.44
2997,1559,9,1,3032.25,16.58,1837.78
2998,1559,31,1,2700.0,11.97,2500.0
2999,1559,19,1,1579.21,11.57,1042.58
3000,1560,24,2,3013.98,6.4,1731.5
3001,1560,18,2,5069.09,2.26,2768.25
3002,1560,28,3,5083.77,16.87,2896.91
3003,1560,25,1,1405.94,20.72,683.23
3004,1561,4,3,2911.73,1.72,1620.58
3005,1561,31,1,2700.0,11.2,2500.0
3006,1562,27,2,2259.37,11.5,1531.14
3007,1562,26,2,491.47,12.25,302.79
3008,1563,28,2,5083.77,0.02,2896.91
3009,1564,9,2,3032.25,1.07,1837.78
3010,1564,23,2,3998.97,10.32,2126.28
3011,1565,31,2,2700.0,0.43,2500.0
3012,1566,2,3,344.87,7.51,214.37
3013,1566,3,3,3011.45,1.36,2079.85
3014,1566,27,1,2259.37,2.65,1531.14
3015,1567,4,1,2911.73,2.39,1620.58
3016,1567,15,1,2079.21,7.24,1257.62
3017,1568,28,3,5083.77,2.47,2896.91
3018,1569,22,1,1824.54,20.81,1243.57
3019,1570,20,2,1292.37,1.39,671.68
3020,1570,25,3,1405.94,15.9,683.23
3021,1571,15,3,2079.21,7.03,1257.62
3022,1571,3,1,3011.45,10.0,2079.85
3023,1572,3,1,3011.45,1.06,2079.85
3024,1572,9,2,3032.25,20.84,1837.78
3025,1572,2,2,344.87,7.53,214.37
3026,1572,31,1,2700.0,1.69,2500.0
3027,1573,24,3,3013.98,12.87,1731.5
3028,1573,31,2,2700.0,1.54,2500.0
3029,1573,18,3,5069.09,22.16,2768.25
3030,1574,31,3,2700.0,12.36,2500.0
3031,1574,26,3,491.47,22.42,302.79
3032,1574,27,1,2259.37,6.94,1531.14
3033,1574,28,1,5083.77,12.17,2896.91
3034,1575,19,3,1579.21,5.3,1042.58
3035,1575,13,3,903.79,1.15,474.77
3036,1576,31,1,2700.0,22.77,2500.0
3037,1576,6,2,4524.34,21.5,2423.6
3038,1576,10,2,1456.11,12.47,736.49
3039,1576,27,3,2259.37,21.78,1531.14
3040,1577,10,1,1456.11,15.36,736.49
3041,1578,4,1,2911.73,10.95,1620.58
3042,1579,30,2,2120.42,12.11,1542.79
3043,1579,31,2,2700.0,11.49,2500.0
3044,1580,5,2,3775.0,0.96,1745.57
3045,1581,25,1,1405.94,12.48,683.23
3046,1581,17,3,1223.23,21.33,641.7
3047,1582,6,1,4524.34,6.78,2423.6
3048,1582,12,1,1088.03,1.9,682.84
3049,1582,7,1,3336.23,21.57,1975.36
3050,1584,31,1,2700.0,1.36,2500.0
3051,1584,10,3,1456.11,20.43,736.49
3052,1585,28,3,5083.77,6.82,2896.91
3053,1585,3,1,3011.45,10.13,2079.85
3054,1585,30,3,2120.42,12.59,1542.79
3055,1585,15,1,2079.21,11.06,1257.62
3056,1586,11,3,3625.98,5.3,1795.44
3057,1587,21,2,2309.06,1.07,1257.12
3058,1587,15,3,2079.21,7.13,1257.62
3059,1587,3,2,3011.45,12.95,2079.85
3060,1588,31,2,2700.0,1.95,2500.0
3061,1588,10,1,1456.11,12.55,736.49
3062,1589,26,3,491.47,2.23,302.79
3063,1590,10,1,1456.11,7.41,736.49
3064,1590,23,2,3998.97,20.88,2126.28
3065,1591,15,2,2079.21,12.86,1257.62
3066,1592,31,1,2700.0,16.52,2500.0
3067,1593,11,3,3625.98,1.99,1795.44
3068,1594,6,2,4524.34,21.1,2423.6
3069,1595,20,1,1292.37,12.56,671.68
3070,1596,17,3,1223.23,6.75,641.7
3071,1596,2,2,344.87,5.9,214.37
3072,1597,31,1,2700.0,12.23,2500.0
3073,1597,19,3,1579.21,2.76,1042.58
3074,1598,31,1,2700.0,10.04,2500.0
3075,1599,5,3,3775.0,7.67,1745.57
3076,1600,4,3,2911.73,7.45,1620.58
3077,1600,19,1,1579.21,1.77,1042.58
3078,1600,9,3,3032.25,10.87,1837.78
3079,1601,23,3,3998.97,1.73,2126.28
3080,1602,13,2,903.79,11.36,474.77
3081,1603,26,1,491.47,5.52,302.79
3082,1604,15,2,2079.21,35.43,1257.62
3083,1604,5,1,3775.0,37.33,1745.57
3084,1605,21,1,2309.06,5.83,1257.12
3085,1605,18,2,5069.09,1.85,2768.25
3086,1606,26,2,491.47,12.65,302.79
3087,1606,31,2,2700.0,0.33,2500.0
3088,1607,23,3,3998.97,12.68,2126.28
3089,1608,25,2,1405.94,38.8,683.23
3090,1608,3,1,3011.45,28.68,2079.85
3091,1609,22,1,1824.54,7.5,1243.57
3092,1609,18,2,5069.09,7.63,2768.25
3093,1609,10,1,1456.11,22.73,736.49
3094,1609,1,2,457.62,17.27,341.45
3095,1610,6,2,4524.34,15.88,2423.6
3096,1610,10,2,1456.11,0.34,736.49
3097,1611,21,1,2309.06,0.4,1257.12
3098,1611,19,1,1579.21,10.86,1042.58
3099,1612,31,1,2700.0,2.1,2500.0
3100,1613,16,1,2352.78,5.62,1141.59
3101,1613,31,1,2700.0,0.75,2500.0
3102,1613,27,1,2259.37,2.84,1531.14
3103,1614,31,3,2700.0,11.89,2500.0
3104,1615,4,2,2911.73,21.96,1620.58
3105,1615,31,2,2700.0,5.73,2500.0
3106,1616,13,1,903.79,10.1,474.77
3107,1617,22,3,1824.54,12.73,1243.57
3108,1617,31,2,2700.0,0.5,2500.0
3109,1617,7,2,3336.23,0.08,1975.36
3110,1618,31,2,2700.0,0.06,2500.0
3111,1618,26,2,491.47,5.62,302.79
3112,1619,3,2,3011.45,28.95,2079.85
3113,1620,31,2,2700.0,27.38,2500.0
3114,1621,5,1,3775.0,5.77,1745.57
3115,1621,15,3,2079.21,0.58,1257.62
3116,1621,24,1,3013.98,21.14,1731.5
3117,1622,22,2,1824.54,6.0,1243.57
3118,1622,12,3,1088.03,10.9,682.84
3119,1622,29,2,2293.25,0.52,1316.03
3120,1622,28,2,5083.77,5.8,2896.91
3121,1623,30,3,2120.42,16.88,1542.79
3122,1624,24,1,3013.98,17.49,1731.5
3123,1624,6,2,4524.34,2.99,2423.6
3124,1624,26,2,491.47,11.69,302.79
3125,1625,16,3,2352.78,20.18,1141.59
3126,1626,24,1,3013.98,6.21,1731.5
3127,1627,21,3,2309.06,6.01,1257.12
3128,1627,27,1,2259.37,22.66,1531.14
3129,1628,25,2,1405.94,0.89,683.23
3130,1629,27,1,2259.37,22.79,1531.14
3131,1629,14,3,3101.56,6.23,1653.99
3132,1629,28,1,5083.77,1.24,2896.91
3133,1629,31,3,2700.0,20.44,2500.0
3134,1630,5,2,3775.0,1.06,1745.57
3135,1631,30,1,2120.42,0.73,1542.79
3136,1631,14,2,3101.56,1.14,1653.99
3137,1631,11,1,3625.98,0.82,1795.44
3138,1632,31,1,2700.0,12.2,2500.0
3139,1632,8,1,4716.54,2.94,2251.56
3140,1632,13,3,903.79,7.35,474.77
3141,1632,12,2,1088.03,7.51,682.84
3142,1633,26,1,491.47,40.59,302.79
3143,1633,7,2,3336.23,27.36,1975.36
3144,1634,17,3,1223.23,2.98,641.7
3145,1634,31,3,2700.0,12.11,2500.0
3146,1635,29,3,2293.25,1.24,1316.03
3147,1636,3,1,3011.45,10.32,2079.85
3148,1637,18,3,5069.09,2.28,2768.25
3149,1637,31,1,2700.0,5.82,2500.0
3150,1637,27,2,2259.37,7.87,1531.14
3151,1638,17,1,1223.23,2.87,641.7
3152,1638,3,1,3011.45,7.73,2079.85
3153,1639,6,1,4524.34,2.55,2423.6
3154,1639,11,1,3625.98,1.59,1795.44
3155,1639,27,2,2259.37,1.21,1531.14
3156,1639,3,3,3011.45,2.63,2079.85
3157,1640,31,1,2700.0,6.51,2500.0
3158,1641,4,1,2911.73,10.59,1620.58
3159,1641,31,3,2700.0,1.46,2500.0
3160,1642,31,2,2700.0,15.3,2500.0
3161,1642,6,2,4524.34,0.61,2423.6
3162,1643,2,1,344.87,7.72,214.37
3163,1643,1,1,457.62,21.67,341.45
3164,1644,31,3,2700.0,17.55,2500.0
3165,1645,31,3,2700.0,7.91,2500.0
3166,1645,25,2,1405.94,10.56,683.23
3167,1646,8,3,4716.54,10.37,2251.56
3168,1646,19,1,1579.21,6.92,1042.58
3169,1647,6,2,4524.34,5.99,2423.6
3170,1648,31,3,2700.0,7.44,2500.0
3171,1648,21,1,2309.06,17.22,1257.12
3172,1649,5,3,3775.0,16.75,1745.57
3173,1649,18,3,5069.09,22.74,2768.25
3174,1650,15,1,2079.21,1.11,1257.62
3175,1650,22,2,1824.54,16.04,1243.57
3176,1651,19,1,1579.21,1.34,1042.58
3177,1651,30,1,2120.42,11.21,1542.79
3178,1652,3,1,3011.45,7.58,2079.85
3179,1653,25,3,1405.94,12.58,683.23
3180,1654,7,1,3336.23,2.91,1975.36
3181,1654,27,2,2259.37,21.8,1531.14
3182,1655,1,2,457.62,10.51,341.45
3183,1656,31,1,2700.0,1.66,2500.0
3184,1656,10,2,1456.11,1.61,736.49
3185,1656,23,3,3998.97,5.1,2126.28
3186,1657,8,1,4716.54,12.67,2251.56
3187,1657,31,1,2700.0,6.04,2500.0
3188,1658,11,3,3625.98,21.78,1795.44
3189,1658,1,2,457.62,5.35,341.45
3190,1659,30,3,2120.42,5.09,1542.79
3191,1660,31,2,2700.0,10.73,2500.0
3192,1661,31,3,2700.0,31.97,2500.0
3193,1661,9,3,3032.25,25.62,1837.78
3194,1661,15,1,2079.21,31.55,1257.62
3195,1662,2,3,344.87,6.39,214.37
3196,1662,8,3,4716.54,0.29,2251.56
3197,1662,29,2,2293.25,7.47,1316.03
3198,1662,1,2,457.62,11.66,341.45
3199,1663,2,3,344.87,5.56,214.37
3200,1663,1,2,457.62,11.7,341.45
3201,1663,31,2,2700.0,12.68,2500.0
3202,1664,25,2,1405.94,11.38,683.23
3203,1665,6,2,4524.34,10.43,2423.6
3204,1665,15,2,2079.21,20.21,1257.62
3205,1667,11,3,3625.98,10.89,1795.44
3206,1668,16,3,2352.78,2.7,1141.59
3207,1668,31,2,2700.0,20.01,2500.0
3208,1669,31,1,2700.0,11.03,2500.0
3209,1669,26,3,491.47,0.98,302.79
3210,1669,30,2,2120.42,1.15,1542.79
3211,1669,25,1,1405.94,0.83,683.23
3212,1670,10,3,1456.11,12.03,736.49
3213,1671,9,3,3032.25,10.68,1837.78
3214,1672,6,2,4524.34,0.3,2423.6
3215,1672,11,3,3625.98,2.49,1795.44
3216,1673,12,1,1088.03,12.05,682.84
3217,1673,26,2,491.47,6.42,302.79
3218,1674,14,1,3101.56,6.76,1653.99
3219,1674,20,3,1292.37,10.02,671.68
3220,1675,16,1,2352.78,11.86,1141.59
3221,1676,31,3,2700.0,0.55,2500.0
3222,1677,31,2,2700.0,12.15,2500.0
3223,1678,31,2,2700.0,0.68,2500.0
3224,1678,23,3,3998.97,5.41,2126.28
3225,1679,5,2,3775.0,11.13,1745.57
3226,1679,19,1,1579.21,15.04,1042.58
3227,1679,23,1,3998.97,2.76,2126.28
3228,1680,22,1,1824.54,10.53,1243.57
3229,1680,27,1,2259.37,0.08,1531.14
3230,1681,31,3,2700.0,25.93,2500.0
3231,1681,4,1,2911.73,27.24,1620.58
3232,1682,28,1,5083.77,10.74,2896.91
3233,1682,31,3,2700.0,15.37,2500.0
3234,1682,10,1,1456.11,1.14,736.49
3235,1682,19,3,1579.21,21.1,1042.58
3236,1683,20,1,1292.37,0.12,671.68
3237,1683,16,2,2352.78,12.32,1141.59
3238,1684,31,1,2700.0,29.41,2500.0
3239,1684,25,3,1405.94,28.55,683.23
3240,1684,17,1,1223.23,33.35,641.7
3241,1685,5,2,3775.0,7.76,1745.57
3242,1685,31,1,2700.0,2.34,2500.0
3243,1686,26,2,491.47,1.29,302.79
3244,1687,18,2,5069.09,10.66,2768.25
3245,1687,16,2,2352.78,12.02,1141.59
3246,1688,29,3,2293.25,6.77,1316.03
3247,1688,31,2,2700.0,7.12,2500.0
3248,1689,31,1,2700.0,11.74,2500.0
3249,1689,27,2,2259.37,11.6,1531.14
3250,1689,8,1,4716.54,2.6,2251.56
3251,1689,29,2,2293.25,15.54,1316.03
3252,1690,14,2,3101.56,7.6,1653.99
3253,1690,31,3,2700.0,0.9,2500.0
3254,1690,24,1,3013.98,0.44,1731.5
3255,1691,1,2,457.62,12.92,341.45
3256,1691,30,1,2120.42,10.35,1542.79
3257,1691,4,2,2911.73,0.61,1620.58
3258,1692,10,1,1456.11,28.28,736.49
3259,1693,5,3,3775.0,11.46,1745.57
3260,1693,29,1,2293.25,10.59,1316.03
3261,1693,9,3,3032.25,10.6,1837.78
3262,1693,31,1,2700.0,0.08,2500.0
3263,1694,17,3,1223.23,5.61,641.7
3264,1695,2,3,344.87,2.82,214.37
3265,1695,26,2,491.47,2.09,302.79
3266,1695,22,3,1824.54,6.82,1243.57
3267,1695,28,3,5083.77,0.07,2896.91
3268,1696,8,1,4716.54,0.78,2251.56
3269,1696,6,3,4524.34,6.12,2423.6
3270,1696,1,1,457.62,2.7,341.45
3271,1697,4,3,2911.73,0.65,1620.58
3272,1697,3,2,3011.45,6.91,2079.85
3273,1697,31,1,2700.0,5.73,2500.0
3274,1698,31,1,2700.0,10.57,2500.0
3275,1698,7,2,3336.23,21.94,1975.36
3276,1699,13,1,903.79,0.31,474.77
3277,1699,21,2,2309.06,6.34,1257.12
3278,1700,31,3,2700.0,0.46,2500.0
3279,1701,14,2,3101.56,1.31,1653.99
3280,1701,31,3,2700.0,11.27,2500.0
3281,1701,28,1,5083.77,1.71,2896.91
3282,1701,25,2,1405.94,11.74,683.23
3283,1702,31,1,2700.0,12.59,2500.0
3284,1703,5,3,3775.0,11.27,1745.57
3285,1703,10,3,1456.11,10.74,736.49
3286,1704,31,1,2700.0,11.2,2500.0
3287,1705,31,2,2700.0,22.44,2500.0
3288,1706,1,1,457.62,0.45,341.45
3289,1706,14,1,3101.56,15.54,1653.99
3290,1706,28,3,5083.77,22.43,2896.91
3291,1707,4,1,2911.73,10.38,1620.58
3292,1707,20,2,1292.37,2.9,671.68
3293,1707,31,3,2700.0,17.45,2500.0
3294,1707,1,3,457.62,15.38,341.45
3295,1708,11,2,3625.98,16.41,1795.44
3296,1709,31,1,2700.0,16.96,2500.0
3297,1709,13,1,903.79,0.03,474.77
3298,1710,18,1,5069.09,28.29,2768.25
3299,1711,23,3,3998.97,17.55,2126.28
3300,1711,29,2,2293.25,2.27,1316.03
3301,1711,28,1,5083.77,15.33,2896.91
3302,1712,31,3,2700.0,11.57,2500.0
3303,1712,19,2,1579.21,0.05,1042.58
3304,1713,25,3,1405.94,10.59,683.23
3305,1713,13,3,903.79,0.38,474.77
3306,1714,30,1,2120.42,12.08,1542.79
3307,1714,16,2,2352.78,2.29,1141.59
3308,1714,8,1,4716.54,10.11,2251.56
3309,1715,10,2,1456.11,0.09,736.49
3310,1715,31,2,2700.0,11.68,2500.0
3311,1716,30,3,2120.42,5.66,1542.79
3312,1717,7,2,3336.23,11.42,1975.36
3313,1718,27,3,2259.37,12.56,1531.14
3314,1718,16,1,2352.78,2.63,1141.59
3315,1718,31,2,2700.0,2.45,2500.0
3316,1718,24,1,3013.98,20.43,1731.5
3317,1720,10,1,1456.11,34.28,736.49
3318,1721,2,2,344.87,1.77,214.37
3319,1721,22,2,1824.54,7.47,1243.57
3320,1721,8,2,4716.54,7.19,2251.56
3321,1721,13,1,903.79,12.7,474.77
3322,1722,13,1,903.79,2.72,474.77
3323,1722,31,1,2700.0,1.58,2500.0
3324,1722,16,1,2352.78,21.33,1141.59
3325,1723,15,2,2079.21,5.19,1257.62
3326,1724,15,1,2079.21,40.7,1257.62
3327,1725,16,2,2352.78,10.51,1141.59
3328,1725,2,3,344.87,0.42,214.37
3329,1726,20,2,1292.37,7.31,671.68
3330,1726,23,3,3998.97,5.22,2126.28
3331,1727,16,1,2352.78,11.49,1141.59
3332,1727,29,3,2293.25,20.87,1316.03
3333,1727,31,3,2700.0,2.24,2500.0
3334,1728,23,3,3998.97,2.27,2126.28
3335,1728,31,2,2700.0,11.44,2500.0
3336,1729,14,2,3101.56,6.3,1653.99
3337,1730,11,2,3625.98,10.52,1795.44
3338,1730,31,2,2700.0,11.3,2500.0
3339,1731,31,2,2700.0,10.51,2500.0
3340,1731,1,2,457.62,6.74,341.45
3341,1732,31,2,2700.0,16.44,2500.0
3342,1733,2,3,344.87,7.74,214.37
3343,1734,31,2,2700.0,2.68,2500.0
3344,1734,22,2,1824.54,21.75,1243.57
3345,1735,23,1,3998.97,21.6,2126.28
3346,1735,31,1,2700.0,6.58,2500.0
3347,1736,31,3,2700.0,0.79,2500.0
3348,1737,30,1,2120.42,35.65,1542.79
3349,1737,10,3,1456.11,28.34,736.49
3350,1738,31,3,2700.0,21.17,2500.0
3351,1738,2,2,344.87,10.45,214.37
3352,1738,15,1,2079.21,11.81,1257.62
3353,1739,31,2,2700.0,5.06,2500.0
3354,1740,9,2,3032.25,16.09,1837.78
3355,1740,19,1,1579.21,11.48,1042.58
3356,1740,6,3,4524.34,5.92,2423.6
3357,1740,24,2,3013.98,15.77,1731.5
3358,1741,20,2,1292.37,10.66,671.68
3359,1742,27,2,2259.37,20.6,1531.14
3360,1742,18,3,5069.09,7.36,2768.25
3361,1742,15,3,2079.21,11.96,1257.62
3362,1742,11,2,3625.98,15.65,1795.44
3363,1743,31,3,2700.0,16.42,2500.0
3364,1744,11,3,3625.98,12.31,1795.44
3365,1744,14,3,3101.56,5.9,1653.99
3366,1744,28,3,5083.77,12.6,2896.91
3367,1745,4,2,2911.73,1.79,1620.58
3368,1745,26,2,491.47,2.2,302.79
3369,1746,31,3,2700.0,6.7,2500.0
3370,1746,29,1,2293.25,17.72,1316.03
3371,1747,1,1,457.62,22.78,341.45
3372,1747,31,1,2700.0,11.68,2500.0
3373,1748,31,3,2700.0,0.9,2500.0
3374,1748,12,3,1088.03,0.93,682.84
3375,1748,5,1,3775.0,16.79,1745.57
3376,1748,15,1,2079.21,16.86,1257.62
3377,1749,7,1,3336.23,0.72,1975.36
3378,1749,2,2,344.87,1.2,214.37
3379,1749,30,2,2120.42,1.65,1542.79
3380,1749,25,1,1405.94,10.33,683.23
3381,1750,23,2,3998.97,6.03,2126.28
3382,1750,31,3,2700.0,12.93,2500.0
3383,1750,6,3,4524.34,5.97,2423.6
3384,1751,21,3,2309.06,7.07,1257.12
3385,1751,27,1,2259.37,15.56,1531.14
3386,1752,25,1,1405.94,2.54,683.23
3387,1753,11,2,3625.98,7.65,1795.44
3388,1753,31,2,2700.0,1.54,2500.0
3389,1754,1,3,457.62,1.27,341.45
3390,1754,28,1,5083.77,2.37,2896.91
3391,1755,4,2,2911.73,10.1,1620.58
3392,1755,10,1,1456.11,11.32,736.49
3393,1755,7,1,3336.23,5.84,1975.36
3394,1756,6,3,4524.34,6.95,2423.6
3395,1756,31,2,2700.0,6.2,2500.0
3396,1757,31,3,2700.0,5.32,2500.0
3397,1757,24,2,3013.98,11.4,1731.5
3398,1758,2,3,344.87,6.89,214.37
3399,1758,6,3,4524.34,6.94,2423.6
3400,1759,6,1,4524.34,1.99,2423.6
3401,1760,21,1,2309.06,10.44,1257.12
3402,1760,30,3,2120.42,1.17,1542.79
3403,1760,22,1,1824.54,15.64,1243.57
3404,1760,31,1,2700.0,10.42,2500.0
3405,1761,10,1,1456.11,1.78,736.49
3406,1761,5,2,3775.0,15.65,1745.57
3407,1761,31,1,2700.0,1.08,2500.0
3408,1762,23,3,3998.97,1.12,2126.28
3409,1762,17,2,1223.23,10.15,641.7
3410,1764,4,1,2911.73,11.51,1620.58
3411,1764,26,1,491.47,6.95,302.79
3412,1765,18,2,5069.09,17.04,2768.25
3413,1765,5,3,3775.0,0.72,1745.57
3414,1765,31,1,2700.0,7.49,2500.0
3415,1766,31,2,2700.0,26.7,2500.0
3416,1767,11,1,3625.98,0.3,1795.44
3417,1768,31,3,2700.0,37.58,2500.0
3418,1769,31,3,2700.0,10.67,2500.0
3419,1769,16,3,2352.78,1.95,1141.59
3420,1770,20,3,1292.37,16.29,671.68
3421,1770,3,1,3011.45,10.39,2079.85
3422,1771,28,1,5083.77,6.68,2896.91
3423,1773,20,2,1292.37,7.8,671.68
3424,1774,25,1,1405.94,1.36,683.23
3425,1774,16,2,2352.78,17.2,1141.59
3426,1775,26,1,491.47,2.23,302.79
3427,1776,24,2,3013.98,15.62,1731.5
3428,1777,3,1,3011.45,0.65,2079.85
3429,1777,19,3,1579.21,12.88,1042.58
3430,1778,14,1,3101.56,7.85,1653.99
3431,1778,31,2,2700.0,12.34,2500.0
3432,1779,31,1,2700.0,6.53,2500.0
3433,1779,27,1,2259.37,10.79,1531.14
3434,1780,25,3,1405.94,22.71,683.23
3435,1780,14,2,3101.56,21.68,1653.99
3436,1780,1,1,457.62,6.62,341.45
3437,1781,12,3,1088.03,2.34,682.84
3438,1782,4,2,2911.73,11.79,1620.58
3439,1783,10,3,1456.11,0.25,736.49
3440,1784,8,3,4716.54,28.27,2251.56
3441,1785,26,3,491.47,2.54,302.79
3442,1785,29,3,2293.25,21.97,1316.03
3443,1785,31,2,2700.0,16.87,2500.0
3444,1786,8,2,4716.54,22.56,2251.56
3445,1787,31,3,2700.0,21.99,2500.0
3446,1787,1,2,457.62,1.48,341.45
3447,1787,21,2,2309.06,5.28,1257.12
3448,1787,7,1,3336.23,17.94,1975.36
3449,1788,27,1,2259.37,11.79,1531.14
3450,1788,14,2,3101.56,21.52,1653.99
3451,1788,31,1,2700.0,22.56,2500.0
3452,1788,4,2,2911.73,22.93,1620.58
3453,1789,31,2,2700.0,10.57,2500.0
3454,1789,11,1,3625.98,10.67,1795.44
3455,1789,13,2,903.79,2.41,474.77
3456,1790,3,1,3011.45,7.07,2079.85
3457,1790,16,2,2352.78,1.8,1141.59
3458,1790,24,3,3013.98,11.51,1731.5
3459,1791,8,1,4716.54,17.55,2251.56
3460,1791,14,3,3101.56,0.44,1653.99
3461,1791,22,1,1824.54,17.43,1243.57
3462,1792,17,2,1223.23,39.75,641.7
3463,1793,3,1,3011.45,21.19,2079.85
3464,1793,17,2,1223.23,5.29,641.7
3465,1793,7,2,3336.23,10.65,1975.36
3466,1794,22,3,1824.54,1.95,1243.57
3467,1794,20,2,1292.37,21.39,671.68
3468,1794,3,3,3011.45,2.11,2079.85
3469,1795,6,2,4524.34,11.52,2423.6
3470,1795,31,1,2700.0,7.89,2500.0
3471,1796,9,1,3032.25,16.97,1837.78
3472,1797,11,3,3625.98,2.2,1795.44
3473,1798,15,1,2079.21,12.02,1257.62
3474,1798,16,2,2352.78,10.93,1141.59
3475,1798,31,3,2700.0,1.95,2500.0
3476,1799,18,1,5069.09,0.47,2768.25
3477,1799,24,1,3013.98,6.32,1731.5
3478,1800,5,2,3775.0,12.97,1745.57
3479,1800,31,3,2700.0,5.31,2500.0
3480,1800,13,3,903.79,21.86,474.77
3481,1801,9,2,3032.25,12.97,1837.78
3482,1801,4,3,2911.73,1.16,1620.58
3483,1802,21,3,2309.06,5.54,1257.12
3484,1803,25,3,1405.94,31.49,683.23
3485,1804,15,1,2079.21,21.15,1257.62
3486,1805,13,3,903.79,2.51,474.77
3487,1805,20,1,1292.37,6.96,671.68
3488,1805,19,1,1579.21,11.27,1042.58
3489,1805,31,3,2700.0,5.81,2500.0
3490,1806,15,1,2079.21,5.63,1257.62
3491,1806,17,3,1223.23,1.52,641.7
3492,1807,12,2,1088.03,1.66,682.84
3493,1807,29,2,2293.25,6.02,1316.03
3494,1808,24,3,3013.98,7.64,1731.5
3495,1808,1,1,457.62,12.42,341.45
3496,1808,28,2,5083.77,10.63,2896.91
3497,1809,31,2,2700.0,2.41,2500.0
3498,1809,1,1,457.62,10.82,341.45
3499,1810,26,3,491.47,11.55,302.79
3500,1810,29,3,2293.25,21.83,1316.03
3501,1811,31,3,2700.0,2.62,2500.0
3502,1811,28,3,5083.77,0.26,2896.91
3503,1811,29,1,2293.25,0.08,1316.03
3504,1812,23,2,3998.97,12.18,2126.28
3505,1812,31,2,2700.0,1.63,2500.0
3506,1813,19,2,1579.21,0.61,1042.58
3507,1814,18,2,5069.09,1.94,2768.25
3508,1814,27,3,2259.37,6.45,1531.14
3509,1814,9,3,3032.25,7.7,1837.78
3510,1815,11,2,3625.98,15.37,1795.44
3511,1815,9,2,3032.25,2.94,1837.78
3512,1815,16,3,2352.78,12.61,1141.59
3513,1815,28,3,5083.77,2.27,2896.91
3514,1816,19,3,1579.21,7.28,1042.58
3515,1817,23,1,3998.97,2.16,2126.28
3516,1818,25,3,1405.94,10.25,683.23
3517,1818,14,1,3101.56,6.93,1653.99
3518,1819,31,1,2700.0,6.16,2500.0
3519,1820,17,2,1223.23,36.56,641.7
3520,1820,25,3,1405.94,37.56,683.23
3521,1820,7,3,3336.23,26.22,1975.36
3522,1821,6,2,4524.34,1.35,2423.6
3523,1821,8,2,4716.54,5.84,2251.56
3524,1822,9,2,3032.25,7.83,1837.78
3525,1823,17,2,1223.23,11.84,641.7
3526,1823,16,2,2352.78,22.14,1141.59
3527,1824,17,1,1223.23,6.43,641.7
3528,1824,31,2,2700.0,0.8,2500.0
3529,1825,23,1,3998.97,5.26,2126.28
3530,1825,31,1,2700.0,5.18,2500.0
3531,1826,31,2,2700.0,2.39,2500.0
3532,1826,23,3,3998.97,20.45,2126.28
3533,1826,17,2,1223.23,6.58,641.7
3534,1826,22,3,1824.54,11.1,1243.57
3535,1827,28,1,5083.77,35.73,2896.91
3536,1828,31,3,2700.0,0.21,2500.0
3537,1828,20,3,1292.37,12.47,671.68
3538,1829,26,2,491.47,0.26,302.79
3539,1829,31,2,2700.0,20.65,2500.0
3540,1829,18,2,5069.09,10.23,2768.25
3541,1830,27,3,2259.37,17.01,1531.14
3542,1831,25,3,1405.94,2.12,683.23
3543,1831,31,2,2700.0,1.11,2500.0
3544,1832,18,3,5069.09,2.1,2768.25
3545,1832,1,3,457.62,1.72,341.45
3546,1832,28,2,5083.77,0.95,2896.91
3547,1832,16,3,2352.78,21.27,1141.59
3548,1833,31,1,2700.0,21.17,2500.0
3549,1834,6,2,4524.34,17.2,2423.6
3550,1835,20,1,1292.37,0.56,671.68
3551,1835,19,1,1579.21,2.79,1042.58
3552,1836,23,1,3998.97,34.13,2126.28
3553,1836,27,2,2259.37,30.27,1531.14
3554,1837,31,1,2700.0,10.23,2500.0
3555,1838,13,2,903.79,12.32,474.77
3556,1838,6,2,4524.34,7.85,2423.6
3557,1839,31,3,2700.0,11.03,2500.0
3558,1839,4,3,2911.73,20.91,1620.58
3559,1839,5,1,3775.0,22.94,1745.57
3560,1840,31,3,2700.0,7.83,2500.0
3561,1840,6,3,4524.34,2.2,2423.6
3562,1841,12,2,1088.03,0.31,682.84
3563,1842,4,3,2911.73,0.52,1620.58
3564,1842,10,2,1456.11,5.89,736.49
3565,1842,19,3,1579.21,10.26,1042.58
3566,1842,22,3,1824.54,11.09,1243.57
3567,1843,20,2,1292.37,1.35,671.68
3568,1844,27,2,2259.37,20.91,1531.14
3569,1845,28,1,5083.77,5.98,2896.91
3570,1845,8,3,4716.54,1.79,2251.56
3571,1846,4,2,2911.73,30.22,1620.58
3572,1846,31,3,2700.0,40.6,2500.0
3573,1847,25,3,1405.94,0.05,683.23
3574,1847,11,3,3625.98,5.4,1795.44
3575,1847,26,3,491.47,1.25,302.79
3576,1849,25,1,1405.94,1.59,683.23
3577,1850,9,3,3032.25,11.48,1837.78
3578,1850,30,1,2120.42,5.47,1542.79
3579,1851,18,3,5069.09,11.85,2768.25
3580,1851,17,1,1223.23,21.39,641.7
3581,1852,12,3,1088.03,38.79,682.84
3582,1853,26,1,491.47,10.13,302.79
3583,1853,12,1,1088.03,5.04,682.84
3584,1853,20,2,1292.37,6.35,671.68
3585,1853,22,1,1824.54,0.77,1243.57
3586,1854,3,1,3011.45,10.99,2079.85
3587,1854,28,1,5083.77,6.54,2896.91
3588,1854,29,3,2293.25,11.04,1316.03
3589,1855,4,2,2911.73,2.66,1620.58
3590,1855,31,3,2700.0,2.65,2500.0
3591,1856,31,3,2700.0,7.0,2500.0
3592,1857,2,1,344.87,10.36,214.37
3593,1858,11,3,3625.98,5.92,1795.44
3594,1858,8,2,4716.54,17.43,2251.56
3595,1859,16,3,2352.78,12.65,1141.59
3596,1859,27,2,2259.37,6.92,1531.14
3597,1860,31,3,2700.0,7.59,2500.0
3598,1860,26,3,491.47,22.24,302.79
3599,1860,22,2,1824.54,1.78,1243.57
3600,1861,11,3,3625.98,2.15,1795.44
3601,1861,8,3,4716.54,5.46,2251.56
3602,1861,3,2,3011.45,21.54,2079.85
3603,1862,26,2,491.47,12.41,302.79
3604,1863,31,2,2700.0,0.24,2500.0
3605,1863,13,1,903.79,15.97,474.77
3606,1865,31,3,2700.0,7.91,2500.0
3607,1865,11,2,3625.98,15.97,1795.44
3608,1865,8,3,4716.54,16.27,2251.56
3609,1866,21,1,2309.06,12.34,1257.12
3610,1866,8,3,4716.54,11.32,2251.56
3611,1867,4,3,2911.73,6.05,1620.58
3612,1868,3,1,3011.45,37.9,2079.85
3613,1868,31,3,2700.0,35.87,2500.0
3614,1869,14,2,3101.56,1.44,1653.99
3615,1869,4,3,2911.73,22.3,1620.58
3616,1870,20,3,1292.37,0.22,671.68
3617,1872,18,2,5069.09,1.04,2768.25
3618,1872,26,1,491.47,11.45,302.79
3619,1873,4,3,2911.73,12.25,1620.58
3620,1874,31,3,2700.0,2.13,2500.0
3621,1875,10,3,1456.11,12.21,736.49
3622,1875,31,1,2700.0,12.91,2500.0
3623,1875,14,3,3101.56,7.58,1653.99
3624,1875,30,2,2120.42,11.65,1542.79
3625,1876,24,2,3013.98,33.12,1731.5
3626,1876,19,3,1579.21,31.72,1042.58
3627,1877,7,3,3336.23,20.19,1975.36
3628,1878,18,2,5069.09,2.38,2768.25
3629,1879,31,2,2700.0,35.54,2500.0
3630,1879,16,3,2352.78,38.27,1141.59
3631,1880,21,3,2309.06,1.44,1257.12
3632,1880,20,3,1292.37,6.95,671.68
3633,1881,28,3,5083.77,16.97,2896.91
3634,1882,18,3,5069.09,1.46,2768.25
3635,1883,30,2,2120.42,2.98,1542.79
3636,1883,8,1,4716.54,11.93,2251.56
3637,1884,16,3,2352.78,2.46,1141.59
3638,1884,31,1,2700.0,1.06,2500.0
3639,1886,21,1,2309.06,7.58,1257.12
3640,1886,24,2,3013.98,20.05,1731.5
3641,1887,31,2,2700.0,10.13,2500.0
3642,1888,27,1,2259.37,5.64,1531.14
3643,1889,31,1,2700.0,6.2,2500.0
3644,1889,29,3,2293.25,0.76,1316.03
3645,1890,31,2,2700.0,11.72,2500.0
3646,1891,26,1,491.47,1.38,302.79
3647,1891,25,1,1405.94,0.23,683.23
3648,1892,3,2,3011.45,16.72,2079.85
3649,1893,12,3,1088.03,10.94,682.84
3650,1893,31,3,2700.0,0.33,2500.0
3651,1894,26,3,491.47,6.06,302.79
3652,1894,28,2,5083.77,6.1,2896.91
3653,1894,23,3,3998.97,21.78,2126.28
3654,1895,31,3,2700.0,5.81,2500.0
3655,1896,1,1,457.62,5.57,341.45
3656,1897,15,2,2079.21,12.55,1257.62
3657,1897,21,2,2309.06,11.32,1257.12
3658,1898,1,3,457.62,2.74,341.45
3659,1899,10,2,1456.11,1.54,736.49
3660,1899,22,1,1824.54,10.71,1243.57
3661,1900,5,1,3775.0,22.59,1745.57
3662,1900,28,3,5083.77,0.27,2896.91
3663,1900,31,1,2700.0,7.39,2500.0
3664,1901,31,1,2700.0,34.95,2500.0
3665,1901,10,2,1456.11,38.77,736.49
3666,1902,18,2,5069.09,12.1,2768.25
3667,1902,21,2,2309.06,7.77,1257.12
3668,1903,22,1,1824.54,6.15,1243.57
3669,1903,31,1,2700.0,22.48,2500.0
3670,1904,28,3,5083.77,7.34,2896.91
3671,1905,9,1,3032.25,2.84,1837.78
3672,1906,7,1,3336.23,1.33,1975.36
3673,1906,25,1,1405.94,5.0,683.23
3674,1907,31,3,2700.0,2.97,2500.0
3675,1908,24,1,3013.98,16.26,1731.5
3676,1908,5,3,3775.0,10.56,1745.57
3677,1909,4,3,2911.73,5.31,1620.58
3678,1910,31,2,2700.0,12.39,2500.0
3679,1910,28,2,5083.77,5.33,2896.91
3680,1910,26,1,491.47,12.15,302.79
3681,1910,15,3,2079.21,1.16,1257.62
3682,1911,1,1,457.62,5.39,341.45
3683,1911,8,3,4716.54,17.05,2251.56
3684,1911,31,1,2700.0,11.68,2500.0
3685,1912,30,2,2120.42,27.98,1542.79
3686,1912,16,1,2352.78,35.17,1141.59
3687,1913,1,1,457.62,0.34,341.45
3688,1914,18,3,5069.09,0.42,2768.25
3689,1914,15,1,2079.21,11.64,1257.62
3690,1914,20,1,1292.37,0.01,671.68
3691,1915,22,2,1824.54,11.72,1243.57
3692,1916,20,1,1292.37,0.45,671.68
3693,1917,31,3,2700.0,2.8,2500.0
3694,1917,30,1,2120.42,17.79,1542.79
3695,1918,31,2,2700.0,21.36,2500.0
3696,1919,25,1,1405.94,10.28,683.23
3697,1919,15,3,2079.21,21.77,1257.62
3698,1920,30,2,2120.42,16.39,1542.79
3699,1920,4,1,2911.73,10.84,1620.58
3700,1921,3,1,3011.45,5.53,2079.85
3701,1921,27,3,2259.37,16.0,1531.14
3702,1922,20,3,1292.37,7.69,671.68
3703,1923,8,3,4716.54,2.97,2251.56
3704,1923,22,2,1824.54,1.45,1243.57
3705,1923,24,3,3013.98,7.41,1731.5
3706,1924,20,2,1292.37,10.87,671.68
3707,1924,27,2,2259.37,15.45,1531.14
3708,1924,30,1,2120.42,1.16,1542.79
3709,1925,2,1,344.87,1.83,214.37
3710,1925,25,3,1405.94,12.22,683.23
3711,1926,12,3,1088.03,10.2,682.84
3712,1926,27,3,2259.37,15.1,1531.14
3713,1926,29,2,2293.25,16.32,1316.03
3714,1927,27,1,2259.37,10.67,1531.14
3715,1928,4,2,2911.73,37.91,1620.58
3716,1928,8,1,4716.54,34.42,2251.56
3717,1928,12,3,1088.03,38.48,682.84
3718,1928,11,2,3625.98,28.43,1795.44
3719,1929,14,3,3101.56,5.76,1653.99
3720,1930,17,3,1223.23,7.04,641.7
3721,1930,31,3,2700.0,11.96,2500.0
3722,1931,9,3,3032.25,5.27,1837.78
3723,1931,16,2,2352.78,0.1,1141.59
3724,1932,31,2,2700.0,5.32,2500.0
3725,1932,17,1,1223.23,11.05,641.7
3726,1933,29,2,2293.25,37.92,1316.03
3727,1933,9,2,3032.25,30.66,1837.78
3728,1934,29,3,2293.25,10.08,1316.03
3729,1934,15,3,2079.21,0.51,1257.62
3730,1934,5,2,3775.0,2.71,1745.57
3731,1935,9,3,3032.25,16.7,1837.78
3732,1935,11,3,3625.98,15.61,1795.44
3733,1936,27,1,2259.37,1.42,1531.14
3734,1936,26,2,491.47,5.34,302.79
3735,1937,1,2,457.62,0.06,341.45
3736,1937,31,1,2700.0,1.58,2500.0
3737,1937,6,1,4524.34,0.44,2423.6
3738,1938,24,2,3013.98,1.2,1731.5
3739,1938,9,3,3032.25,0.17,1837.78
3740,1939,7,2,3336.23,1.22,1975.36
3741,1939,29,2,2293.25,5.51,1316.03
3742,1939,31,3,2700.0,10.17,2500.0
3743,1939,22,2,1824.54,22.8,1243.57
3744,1940,31,1,2700.0,20.65,2500.0
3745,1941,22,2,1824.54,0.69,1243.57
3746,1942,22,3,1824.54,1.86,1243.57
3747,1942,7,2,3336.23,2.17,1975.36
3748,1942,31,3,2700.0,0.08,2500.0
3749,1943,31,3,2700.0,1.65,2500.0
3750,1944,29,1,2293.25,6.73,1316.03
3751,1945,31,1,2700.0,11.61,2500.0
3752,1945,24,2,3013.98,0.23,1731.5
3753,1945,29,1,2293.25,6.8,1316.03
3754,1946,8,2,4716.54,0.9,2251.56
3755,1946,16,3,2352.78,10.48,1141.59
3756,1947,16,3,2352.78,0.53,1141.59
3757,1947,31,3,2700.0,15.71,2500.0
3758,1947,28,3,5083.77,16.44,2896.91
3759,1948,22,2,1824.54,16.56,1243.57
3760,1948,31,2,2700.0,11.43,2500.0
3761,1948,26,3,491.47,5.67,302.79
3762,1948,3,1,3011.45,2.29,2079.85
3763,1949,9,2,3032.25,16.74,1837.78
3764,1950,31,2,2700.0,1.8,2500.0
3765,1950,23,2,3998.97,6.43,2126.28
3766,1950,26,2,491.47,0.38,302.79
3767,1951,15,1,2079.21,35.12,1257.62
3768,1951,31,2,2700.0,40.69,2500.0
3769,1952,31,1,2700.0,2.83,2500.0
3770,1953,17,2,1223.23,41.32,641.7
3771,1953,1,1,457.62,35.78,341.45
3772,1954,22,3,1824.54,22.96,1243.57
3773,1955,16,3,2352.78,11.85,1141.59
3774,1956,6,2,4524.34,7.59,2423.6
3775,1956,31,1,2700.0,1.29,2500.0
3776,1957,1,1,457.62,5.43,341.45
3777,1958,4,2,2911.73,7.53,1620.58
3778,1958,20,2,1292.37,1.35,671.68
3779,1958,21,2,2309.06,6.98,1257.12
3780,1958,31,2,2700.0,1.92,2500.0
3781,1959,31,3,2700.0,2.2,2500.0
3782,1959,24,2,3013.98,6.87,1731.5
3783,1959,15,3,2079.21,11.76,1257.62
3784,1960,12,3,1088.03,10.52,682.84
3785,1960,15,2,2079.21,15.59,1257.62
3786,1960,31,1,2700.0,5.06,2500.0
3787,1961,14,1,3101.56,2.96,1653.99
3788,1962,31,2,2700.0,1.9,2500.0
3789,1963,31,1,2700.0,6.04,2500.0
3790,1963,5,2,3775.0,0.38,1745.57
3791,1964,24,2,3013.98,11.6,1731.5
3792,1964,18,3,5069.09,0.82,2768.25
3793,1965,31,3,2700.0,1.11,2500.0
3794,1965,6,1,4524.34,10.7,2423.6
3795,1966,31,1,2700.0,12.71,2500.0
3796,1966,15,3,2079.21,6.83,1257.62
3797,1966,5,3,3775.0,15.33,1745.57
3798,1967,26,2,491.47,5.52,302.79
3799,1967,9,2,3032.25,10.74,1837.78
3800,1968,24,3,3013.98,10.71,1731.5
3801,1968,31,1,2700.0,16.31,2500.0
3802,1969,27,3,2259.37,16.38,1531.14
3803,1969,31,1,2700.0,7.08,2500.0
3804,1970,3,1,3011.45,0.24,2079.85
3805,1970,27,3,2259.37,2.55,1531.14
3806,1970,10,2,1456.11,21.57,736.49
3807,1970,14,1,3101.56,7.4,1653.99
3808,1971,27,3,2259.37,17.12,1531.14
3809,1971,6,3,4524.34,12.8,2423.6
3810,1971,3,2,3011.45,1.98,2079.85
3811,1972,12,3,1088.03,0.04,682.84
3812,1973,8,3,4716.54,6.34,2251.56
3813,1973,30,1,2120.42,11.26,1542.79
3814,1973,31,3,2700.0,7.18,2500.0
3815,1973,2,3,344.87,5.15,214.37
3816,1974,24,1,3013.98,6.04,1731.5
3817,1974,14,2,3101.56,17.68,1653.99
3818,1974,31,2,2700.0,2.83,2500.0
3819,1975,22,2,1824.54,0.25,1243.57
3820,1976,24,2,3013.98,7.99,1731.5
3821,1976,6,3,4524.34,2.75,2423.6
3822,1977,31,1,2700.0,1.05,2500.0
3823,1978,31,2,2700.0,5.06,2500.0
3824,1979,7,3,3336.23,2.52,1975.36
3825,1979,31,2,2700.0,21.44,2500.0
3826,1979,10,2,1456.11,0.42,736.49
3827,1980,22,2,1824.54,1.52,1243.57
3828,1981,14,3,3101.56,16.2,1653.99
3829,1981,9,2,3032.25,10.29,1837.78
3830,1982,4,1,2911.73,1.74,1620.58
3831,1983,15,1,2079.21,17.07,1257.62
3832,1983,7,2,3336.23,10.94,1975.36
3833,1983,25,1,1405.94,21.86,683.23
3834,1984,25,1,1405.94,1.01,683.23
3835,1984,21,3,2309.06,10.17,1257.12
3836,1984,31,1,2700.0,0.39,2500.0
3837,1985,7,1,3336.23,10.24,1975.36
3838,1985,3,2,3011.45,2.77,2079.85
3839,1985,11,3,3625.98,1.01,1795.44
3840,1985,28,1,5083.77,22.4,2896.91
3841,1986,19,2,1579.21,16.9,1042.58
3842,1986,31,3,2700.0,12.4,2500.0
3843,1987,21,3,2309.06,5.91,1257.12
3844,1987,31,1,2700.0,2.4,2500.0
3845,1988,13,3,903.79,26.2,474.77
3846,1988,16,2,2352.78,26.31,1141.59
3847,1988,15,1,2079.21,39.24,1257.62
3848,1989,8,2,4716.54,1.81,2251.56
3849,1989,27,1,2259.37,10.26,1531.14
3850,1990,8,1,4716.54,2.2,2251.56
3851,1990,25,3,1405.94,2.67,683.23
3852,1990,27,3,2259.37,22.01,1531.14
3853,1991,18,1,5069.09,7.27,2768.25
3854,1992,31,1,2700.0,12.76,2500.0
3855,1992,15,1,2079.21,11.91,1257.62
3856,1992,1,2,457.62,6.35,341.45
3857,1992,27,1,2259.37,7.38,1531.14
3858,1993,30,3,2120.42,5.21,1542.79
3859,1993,17,2,1223.23,10.82,641.7
3860,1993,10,2,1456.11,11.98,736.49
3861,1993,18,1,5069.09,17.18,2768.25
3862,1994,15,1,2079.21,2.12,1257.62
3863,1995,20,1,1292.37,2.5,671.68
3864,1995,31,1,2700.0,12.28,2500.0
3865,1995,15,1,2079.21,20.14,1257.62
3866,1995,26,1,491.47,2.06,302.79
3867,1996,22,2,1824.54,12.36,1243.57
3868,1996,31,1,2700.0,10.11,2500.0
3869,1996,2,1,344.87,6.32,214.37
3870,1997,25,3,1405.94,21.77,683.23
3871,1998,7,1,3336.23,2.76,1975.36
3872,1999,15,3,2079.21,15.94,1257.62
3873,1999,13,1,903.79,1.33,474.77
3874,2000,28,1,5083.77,0.83,2896.91
